,Unnamed: 0,Unnamed: 0.1,Subject,Target,target_filename,Foil,foil_filename,Distractor,distractor_filename,informative_target,informative_foil,notes,presentation_index,Ambig_trial_ID,List,condition,Control_trial_ID,Trial_ID
0,0,0,P01,green_clock,clock1,red_clock,clock2,cake,cake,0,0,,1,A3,A,ambiguous,,A3
1,1,1,P01,pink_cup,cup2,blue_cup,cup1,dress,dress,0,0,,2,A4,A,ambiguous,,A4
2,2,2,P01,blue_fish,fish1,green_fish,fish2,playdoh,playdoh,1,1,,3,A1,A,ambiguous,,A1
3,3,3,P01,yellow_flower,flower2,purple_flower,flower1,cane,cane,0,0,,4,A2,A,ambiguous,,A2
4,4,4,P01,brown_shoe,shoe1,pink_shoe,shoe2,paintbrush,paintbrush,0,1,peppa's shoe,5,A5,A,ambiguous,,A5
5,5,5,P01,gold_spoon,spoon1,silver_spoon,spoon2,comb,comb,0,0,,6,A6,A,ambiguous,,A6
6,6,6,P01,orange_toothbrush,toothbrush2,blue_toothbrush,toothbrush1,door,door,0,0,,7,A7,A,ambiguous,,A7
7,7,7,P01,green_tree,flower1,red_tree,tree2,pencil,pencil,1,0,,8,A2,A,ambiguous,,A2
8,8,8,P02,pink_shoe,shoe2,brown_shoe,shoe1,paintbrush,paintbrush,0,0,,9,B5,B,ambiguous,,B5
9,9,9,P02,yellow_flower,flower2,purple_flower,flower1,cane,cane,0,0,,10,B2,B,ambiguous,,B2
10,10,10,P02,pink_cup,cup2,blue_cup,cup1,dress,dress,0,0,,11,B4,B,ambiguous,,B4
11,11,12,P02,red_clock,clock2,green_clock,clock1,cake,cake,0,0,,13,B3,B,ambiguous,,B3
12,12,13,P02,orange_toothbrush,toothbrush2,blue_toothbrush,toothbrush1,door,door,0,0,,14,B7,B,ambiguous,,B7
13,13,14,P02,silver_spoon,spoon2,gold_spoon,spoon1,comb,comb,0,0,,15,B6,B,ambiguous,,B6
14,14,15,P02,green_fish,fish2,blue_fish,fish1,chair,chair,0,0,,16,B1,B,ambiguous,,B1
15,15,16,P03,blue_car,car1,red_car,car2,dolphin,dolphin,0,0,,17,C5,C,ambiguous,,C5
16,16,17,P03,black_cat,cat1,ginger_cat,cat2,brush,brush,0,0,,18,C6,C,ambiguous,,C6
17,17,18,P03,blue_chair,chair1,yellow_chair,chair2,kangaroo,kangaroo,0,0,,19,C7,C,ambiguous,,C7
18,18,19,P03,green_bus,bus1,red_bus,bus2,torch,torch,0,0,,20,C4,C,ambiguous,,C4
19,19,20,P03,black_dog,dog1,white_dog,dog2,rainbow,rainbow,0,0,,21,C8,C,ambiguous,,C8
20,20,21,P03,blue_bird,bird1,red_bird,bird2,playground,playground,0,0,,22,C2,C,ambiguous,,C2
21,21,22,P03,green_book,book1,red_book,book2,apple,apple,0,0,,23,C3,C,ambiguous,,C3
22,22,23,P03,red_bike,bike1,yellow_bike,bike2,candle,candle,0,0,,24,C1,C,ambiguous,,C1
23,23,24,P04,yellow_chair,chair2,blue_chair,chair1,kangaroo,kangaroo,1,1,yellow > blue,25,D7,D,ambiguous,,D7
24,24,25,P04,white_dog,dog2,black_dog,dog1,rainbow,rainbow,0,1,puppy > dog,26,D8,D,ambiguous,,D8
25,25,26,P04,red_book,book2,green_book,book1,apple,apple,1,1,red > green,27,D3,D,ambiguous,,D3
26,26,27,P04,ginger_cat,cat2,black_cat,cat1,brush,brush,0,0,,28,D6,D,ambiguous,,D6
27,27,28,P04,red_bus,bus2,green_bus,bus1,torch,torch,1,1,red > green,29,D4,D,ambiguous,,D4
28,28,29,P04,red_bird,bird2,blue_bird,bird1,playground,playground,0,1,chicken > duck,30,D2,D,ambiguous,,D2
29,29,30,P04,red_car,car2,blue_car,car1,dolphin,dolphin,1,1,red > blue,31,D5,D,ambiguous,,D5
30,30,31,P04,yellow_bike,bike2,red_bike,bike1,candle,candle,1,1,yellow > red,32,D1,D,ambiguous,,D1
31,31,32,P05,gold_spoon,spoon1,silver_spoon,spoon2,comb,comb,0,0,,33,A6,A,ambiguous,,A6
32,32,33,P05,green_clock,clock1,red_clock,clock2,cake,cake,0,0,,34,A3,A,ambiguous,,A3
33,33,34,P05,blue_fish,fish1,green_fish,fish2,playdoh,playdoh,0,0,,35,A1,A,ambiguous,,A1
34,34,35,P05,blue_cup,cup1,pink_cup,cup2,dress,dress,0,0,,36,A4,A,ambiguous,,A4
35,35,36,P05,green_tree,flower1,red_tree,tree2,pencil,pencil,0,0,,37,A2,A,ambiguous,,A2
36,36,37,P05,yellow_flower,flower2,purple_flower,flower1,cane,cane,0,0,,38,A2,A,ambiguous,,A2
37,37,38,P05,brown_shoe,shoe1,pink_shoe,shoe2,paintbrush,paintbrush,0,0,,39,A5,A,ambiguous,,A5
38,38,39,P05,blue_toothbrush,toothbrush1,orange_toothbrush,toothbrush2,door,door,0,0,,40,A7,A,ambiguous,,A7
39,39,40,P06,orange_toothbrush,toothbrush2,blue_toothbrush,toothbrush1,door,door,1,1,,41,B7,B,ambiguous,,B7
40,40,41,P06,yellow_flower,flower2,purple_flower,flower1,cane,cane,1,1,,42,B2,B,ambiguous,,B2
41,41,42,P06,red_tree,tree2,green_tree,flower1,pencil,pencil,0,0,,43,B8,B,ambiguous,,B8
42,42,43,P06,pink_shoe,shoe2,brown_shoe,shoe1,paintbrush,paintbrush,1,1,,44,B5,B,ambiguous,,B5
43,43,44,P06,red_clock,clock2,green_clock,clock1,cake,cake,1,1,,45,B3,B,ambiguous,,B3
44,44,45,P06,pink_cup,cup2,blue_cup,cup1,dress,dress,1,1,,46,B4,B,ambiguous,,B4
45,45,46,P06,green_fish,fish2,blue_fish,fish1,playdoh,playdoh,1,1,,47,B1,B,ambiguous,,B1
46,46,47,P06,silver_spoon,spoon2,gold_fish,,comb,comb,1,1,,48,B6,B,ambiguous,,B6
47,47,48,P07,blue_bird,bird1,red_bird,bird2,playground,playground,0,0,,49,C2,C,ambiguous,,C2
48,48,49,P07,red_bike,bike1,yellow_bike,bike2,candle,candle,0,0,,50,C1,C,ambiguous,,C1
49,49,50,P07,green_book,book1,red_book,book2,apple,apple,0,0,,51,C3,C,ambiguous,,C3
50,50,51,P07,blue_car,car1,red_car,car2,dolphin,dolphin,0,0,,52,C5,C,ambiguous,,C5
51,51,52,P07,black_dog,dog1,white_dog,dog2,rainbow,rainbow,0,0,,53,C8,C,ambiguous,,C8
52,52,53,P07,blue_chair,chair1,yellow_chair,chair2,kangaroo,kangaroo,0,0,,54,C7,C,ambiguous,,C7
53,53,54,P07,green_bus,bus1,red_bus,bus2,torch,torch,0,0,,55,C4,C,ambiguous,,C4
54,54,55,P07,black_cat,cat1,ginger_cat,cat2,brush,brush,0,0,,56,C6,C,ambiguous,,C6
55,55,56,P08,green_bus,bus1,red_bus,bus2,torch,torch,0,0,,57,D4,D,ambiguous,,D4
56,56,57,P08,red_book,book2,green_book,book1,apple,apple,0,0,,58,D3,D,ambiguous,,D3
57,57,58,P08,red_car,car2,blue_car,car1,dolphin,dolphin,0,0,,59,D5,D,ambiguous,,D5
58,58,59,P08,ginger_cat,cat2,black_cat,cat1,comb,comb,0,0,,60,D6,D,ambiguous,,D6
59,59,60,P08,yellow_chair,chair2,blue_chair,chair1,kangaroo,kangaroo,0,1,,61,D7,D,ambiguous,,D7
60,60,61,P08,white_dog,dog2,black_dog,dog1,rainbow,rainbow,0,1,doggie > dog,62,D8,D,ambiguous,,D8
61,61,62,P08,yellow_bike,bike2,red_bike,bike1,candle,candle,0,0,,63,D1,D,ambiguous,,D1
62,62,63,P08,red_bird,bird2,blue_bird,bird1,playground,playground,0,0,,64,D2,D,ambiguous,,D2
63,63,64,P09,blue_cup,cup1,pink_cup,cup2,dress,dress,0,0,,65,A4,A,ambiguous,,A4
64,64,65,P09,blue_fish,fish1,green_fish,fish2,playdoh,playdoh,0,0,,66,A1,A,ambiguous,,A1
65,65,66,P09,blue_toothbrush,toothbrush1,orange_toothbrush,toothbrush2,door,door,0,0,,67,A7,A,ambiguous,,A7
66,66,67,P09,gold_spoon,spoon1,silver_spoon,spoon2,comb,comb,0,0,,68,A6,A,ambiguous,,A6
67,67,68,P09,green_tree,flower1,red_tree,tree2,pencil,pencil,0,0,,69,A2,A,ambiguous,,A2
68,68,69,P09,yellow_flower,flower2,purple_flower,flower1,cane,cane,0,0,,70,A2,A,ambiguous,,A2
69,69,70,P09,brown_shoe,shoe1,pink_shoe,shoe2,paintbrush,paintbrush,0,0,,71,A5,A,ambiguous,,A5
70,70,71,P09,green_clock,clock1,red_clock,clock2,cake,cake,0,0,,72,A3,A,ambiguous,,A3
71,71,72,P10,pink_cup,cup2,blue_cup,cup1,dress,dress,0,0,,73,B4,B,ambiguous,,B4
72,72,73,P10,yellow_flower,flower2,purple_flower,flower1,cane,cane,0,0,,74,B2,B,ambiguous,,B2
73,73,74,P10,silver_spoon,spoon2,gold_spoon,spoon1,comb,comb,0,0,,75,B6,B,ambiguous,,B6
74,74,75,P10,red_clock,clock2,green_clock,clock1,cake,cake,0,0,,76,B3,B,ambiguous,,B3
75,75,76,P10,pink_shoe,shoe2,brown_shoe,shoe1,paintbrush,paintbrush,0,0,,77,B5,B,ambiguous,,B5
76,76,77,P10,red_tree,tree2,green_tree,flower1,pencil,pencil,0,0,,78,B8,B,ambiguous,,B8
77,77,78,P10,orange_toothbrush,toothbrush2,blue_toothbrush,toothbrush1,door,door,0,0,,79,B7,B,ambiguous,,B7
78,78,79,P10,green_fish,fish2,blue_fish,fish1,playdoh,playdoh,0,0,,80,B1,B,ambiguous,,B1
79,79,81,P11,green_book,book1,red_book,book2,apple,apple,0,0,,82,C3,C,ambiguous,,C3
80,80,82,P11,black_cat,cat1,ginger_cat,cat2,brush,brush,1,0,,83,C6,C,ambiguous,,C6
81,81,83,P11,red_bike,bike1,yellow_bike,bike2,candle,candle,0,0,,84,C1,C,ambiguous,,C1
82,82,84,P11,blue_bird,bird1,red_bird,bird2,playground,playground,0,0,,85,C2,C,ambiguous,,C2
83,83,85,P11,blue_car,car1,red_car,car2,dolphin,dolphin,1,1,,86,C5,C,ambiguous,,C5
84,84,86,P11,green_bus,bus1,red_bus,bus2,torch,torch,0,0,,87,C4,C,ambiguous,,C4
85,85,87,P11,black_dog,dog1,white_dog,dog2,rainbow,rainbow,0,0,,88,C8,C,ambiguous,,C8
86,86,88,P12,red_bird,bird2,blue_bird,bird1,playground,playground,1,1,,89,D2,D,ambiguous,,D2
87,87,89,P12,red_car,car2,blue_car,car1,dolphin,dolphin,1,1,,90,D5,D,ambiguous,,D5
88,88,90,P12,ginger_cat,cat2,black_cat,cat1,brush,brush,1,1,,91,D6,D,ambiguous,,D6
89,89,91,P12,red_book,book2,green_book,book1,apple,apple,1,1,,92,D3,D,ambiguous,,D3
90,90,92,P12,red_bus,bus2,green_bus,bus1,torch,torch,1,1,,93,D4,D,ambiguous,,D4
91,91,93,P12,yellow_bike,bike2,red_bike,bike1,candle,candle,1,1,,94,D1,D,ambiguous,,D1
92,92,94,P12,white_dog,dog2,black_dog,dog1,rainbow,rainbow,1,1,,95,D8,D,ambiguous,,D8
93,93,95,P12,yellow_chair,chair2,blue_chair,chair1,kangaroo,kangaroo,1,1,,96,D7,D,ambiguous,,D7
94,94,96,P13,blue_fish,fish1,green_fish,fish2,playdoh,playdoh,1,1,,97,A1,A,ambiguous,,A1
95,95,97,P13,green_clock,clock1,red_clock,clock2,cake,cake,1,1,,98,A3,A,ambiguous,,A3
96,96,98,P13,gold_spoon,spoon1,silver_spoon,spoon2,comb,comb,1,1,,99,A6,A,ambiguous,,A6
97,97,99,P13,green_tree,flower1,red_tree,tree2,pencl,pencl,1,1,,100,A2,A,ambiguous,,A2
98,98,100,P13,blue_toothbrush,toothbrush1,orange_toothbrush,toothbrush2,door,door,1,1,,101,A7,A,ambiguous,,A7
99,99,101,P13,blue_cup,cup1,pink_cup,cup2,dress,dress,1,1,,102,A4,A,ambiguous,,A4
100,100,102,P13,yellow_flower,flower2,purple_flower,flower1,cane,cane,1,1,,103,A2,A,ambiguous,,A2
101,101,103,P13,brown_shoe,shoe1,pink_shoe,shoe2,paintbrush,paintbrush,1,1,,104,A5,A,ambiguous,,A5
102,102,104,P14,red_bus,bus2,green_bus,bus1,torch,torch,1,1,,105,D4,D,ambiguous,,D4
103,103,105,P14,ginger_cat,cat2,black_cat,cat1,brush,brush,1,1,,106,D6,D,ambiguous,,D6
104,104,106,P14,red_car,car2,blue_car,car1,dolphin,dolphin,1,1,,107,D5,D,ambiguous,,D5
105,105,107,P14,red_bird,bird2,blue_bird,bird1,playground,playground,1,1,,108,D2,D,ambiguous,,D2
106,106,108,P14,yellow_bike,bike2,red_bike,bike1,candle,candle,1,1,,109,D1,D,ambiguous,,D1
107,107,109,P14,white_dog,dog2,black_dog,dog1,rainbow,rainbow,1,1,,110,D8,D,ambiguous,,D8
108,108,110,P14,red_book,book2,green_book,book1,apple,apple,1,1,,111,D3,D,ambiguous,,D3
109,109,111,P14,yellow_chair,chair2,blue_chair,chair1,kangaroo,kangaroo,1,1,,112,D7,D,ambiguous,,D7
110,110,112,P15,black_cat,cat1,ginger_cat,cat2,brush,brush,0,0,,113,C6,C,ambiguous,,C6
111,111,113,P15,blue_chair,chair1,yellow_chair,chair2,kangaroo,kangaroo,0,0,,114,C7,C,ambiguous,,C7
112,112,114,P15,green_book,book1,red_book,book2,apple,apple,0,0,,115,C3,C,ambiguous,,C3
113,113,115,P15,red_bike,bike1,yellow_bike,bike2,candle,candle,0,0,,116,C1,C,ambiguous,,C1
114,114,116,P15,blue_car,car1,red_car,car2,dolphin,dolphin,0,1,,117,C5,C,ambiguous,,C5
115,115,117,P15,black_dog,dog1,white_dog,dog2,rainbow,rainbow,1,1,,118,C8,C,ambiguous,,C8
116,116,118,P15,blue_bird,bird1,red_bird,bird2,playground,playground,0,0,,119,C2,C,ambiguous,,C2
117,117,119,P15,green_bus,bus1,red_bus,bus2,torch,torch,0,0,,120,C4,C,ambiguous,,C4
118,118,120,P16,red_car,car2,blue_car,car1,dolphin,dolphin,0,0,,121,D5,D,ambiguous,,D5
119,119,121,P16,red_bus,bus2,green_bus,bus1,torch,torch,0,0,,122,D4,D,ambiguous,,D4
120,120,122,P16,ginger_cat,cat2,black_cat,cat1,brush,brush,0,0,,123,D6,D,ambiguous,,D6
121,121,123,P16,yellow_bike,bike2,red_bike,bike1,torch,torch,0,0,,124,D1,D,ambiguous,,D1
122,122,124,P16,yellow_chair,chair2,blue_chair,chair1,kangaroo,kangaroo,0,0,,125,D7,D,ambiguous,,D7
123,123,125,P16,red_bird,bird2,blue_bird,bird1,playground,playground,0,0,,126,D2,D,ambiguous,,D2
124,124,126,P16,red_book,book2,green_book,book1,apple,apple,0,0,,127,D3,D,ambiguous,,D3
125,125,127,P16,white_dog,dog2,black_dog,dog1,ainbow,ainbow,1,1,,128,D8,D,ambiguous,,D8
126,126,128,P17,gold_spoon,spoon1,silver_spoon,spoon2,comb,comb,0,0,,129,A6,A,ambiguous,,A6
127,127,129,P17,blue_toothbrush,toothbrush1,orange_toothbrush,toothbrush2,door,door,0,0,,130,A7,A,ambiguous,,A7
128,128,130,P17,brown_shoe,shoe1,pink_shoe,shoe2,paintbrush,paintbrush,0,0,,131,A5,A,ambiguous,,A5
129,129,131,P17,blue_fish,fish1,green_fish,fish2,playdoh,playdoh,0,0,,132,A1,A,ambiguous,,A1
130,130,132,P17,blue_cup,cup1,pink_cup,cup2,dress,dress,0,1,,133,A4,A,ambiguous,,A4
131,131,133,P17,green_clock,clock1,red_clock,clock2,cake,cake,0,0,,134,A3,A,ambiguous,,A3
132,132,134,P17,yellow_flower,flower2,purple_flower,flower1,cane,cane,0,0,,135,A2,A,ambiguous,,A2
133,133,135,P17,green_tree,flower1,red_tree,tree2,pencil,pencil,0,0,,136,A2,A,ambiguous,,A2
134,134,136,P18,pink_shoe,shoe2,brown_shoe,shoe1,paintbrush,paintbrush,0,0,,137,B5,B,ambiguous,,B5
135,135,137,P18,pink_cup,cup2,blue_cup,cup1,dress,dress,0,0,,138,B4,B,ambiguous,,B4
136,136,138,P18,yellow_flower,flower2,purple_flower,flower1,cane,cane,0,0,,139,B2,B,ambiguous,,B2
137,137,139,P18,red_tree,tree2,green_tree,flower1,pencil,pencil,0,0,,140,B8,B,ambiguous,,B8
138,138,140,P18,red_clock,clock2,green_clock,clock1,cake,cake,0,0,,141,B3,B,ambiguous,,B3
139,139,141,P18,orange_toothbrush,toothbrush2,blue_toothbrush,toothbrush1,door,door,0,0,,142,B7,B,ambiguous,,B7
140,140,142,P18,green_fish,fish2,blue_fish,fish1,playdoh,playdoh,0,0,,143,B1,B,ambiguous,,B1
141,141,143,P18,silver_spoon,spoon2,gold_spoon,spoon1,comb,comb,0,0,,144,B6,B,ambiguous,,B6
142,142,144,P20,blue_fish,fish1,green_fish,fish2,playdoh,playdoh,0,0,,145,A1,A,ambiguous,,A1
143,143,145,P20,blue_toothbrush,toothbrush1,orange_toothbrush,toothbrush2,door,door,0,0,,146,A7,A,ambiguous,,A7
144,144,146,P20,green_clock,clock1,red_clock,clock2,cake,cake,0,0,,147,A3,A,ambiguous,,A3
145,145,147,P20,blue_cup,cup1,pink_cup,cup2,dress,dress,0,1,,148,A4,A,ambiguous,,A4
146,146,148,P20,yellow_flower,flower2,purple_flower,flower1,cane,cane,0,0,,149,A2,A,ambiguous,,A2
147,147,149,P20,brown_shoe,shoe1,pink_shoe,shoe2,paintbrush,paintbrush,0,0,,150,A5,A,ambiguous,,A5
148,148,150,P20,gold_spoon,spoon1,silver_spoon,spoon2,comb,comb,0,0,,151,A6,A,ambiguous,,A6
149,149,151,P20,green_tree,flower1,red_tree,tree2,pencil,pencil,0,0,,152,A2,A,ambiguous,,A2
150,150,152,P21,yellow_bike,bike2,red_bike,bike1,candle,candle,0,0,,153,D1,D,ambiguous,,D1
151,151,153,P21,ginger_cat,cat2,black_cat,cat1,brush,brush,0,0,,154,D6,D,ambiguous,,D6
152,152,154,P21,red_bird,bird2,blue_bird,bird1,playground,playground,0,0,,155,D2,D,ambiguous,,D2
153,153,155,P21,yellow_chair,chair2,blue_chair,chair1,kangaroo,kangaroo,0,0,,156,D7,D,ambiguous,,D7
154,154,156,P21,red_book,book2,green_book,book1,apple,apple,0,0,,157,D3,D,ambiguous,,D3
155,155,157,P21,red_bus,bus2,green_bus,bus1,torch,torch,0,0,,158,D4,D,ambiguous,,D4
156,156,158,P21,red_car,car2,blue_car,car1,dolphin,dolphin,0,0,,159,D5,D,ambiguous,,D5
157,157,159,P21,white_dog,dog2,black_dog,dog1,rainbow,rainbow,0,0,,160,D8,D,ambiguous,,D8
158,158,160,P22,red_clock,clock2,green_clock,clock1,cake,cake,1,1,,161,B3,B,ambiguous,,B3
159,159,161,P22,green_fish,fish2,blue_fish,fish1,playdoh,playdoh,1,1,,162,B1,B,ambiguous,,B1
160,160,162,P22,pink_cup,cup2,blue_cup,cup1,dress,dress,1,1,,163,B4,B,ambiguous,,B4
161,161,163,P22,pink_shoe,shoe2,brown_shoe,shoe1,paintbrush,paintbrush,1,1,,164,B5,B,ambiguous,,B5
162,162,164,P22,orange_toothbrush,toothbrush2,blue_toothbrush,toothbrush1,door,door,1,1,,165,B7,B,ambiguous,,B7
163,163,165,P22,yellow_flower,flower2,purple_flower,flower1,cane,cane,1,1,,166,B2,B,ambiguous,,B2
164,164,166,P22,red_tree,tree2,green_tree,flower1,pencil,pencil,1,1,,167,B8,B,ambiguous,,B8
165,165,167,P22,silver_spoon,spoon2,gold_spoon,spoon1,comb,comb,1,1,,168,B6,B,ambiguous,,B6
166,166,168,P23,red_bike,bike1,yellow_bike,bike2,candle,candle,0,0,,169,C1,C,ambiguous,,C1
167,167,169,P23,green_bus,bus1,red_bus,bus2,torch,torch,0,0,,170,C4,C,ambiguous,,C4
168,168,170,P23,blue_car,car1,red_car,car2,dolphin,dolphin,0,0,,171,C5,C,ambiguous,,C5
169,169,171,P23,blue_bird,bird1,red_bird,bird2,playground,playground,0,0,,172,C2,C,ambiguous,,C2
170,170,172,P23,green_book,book1,red_book,book2,apple,apple,0,0,,173,C3,C,ambiguous,,C3
171,171,173,P23,black_dog,dog1,white_dog,dog2,rainbow,rainbow,0,0,,174,C8,C,ambiguous,,C8
172,172,174,P23,blue_chair,chair1,yellow_chair,chair2,kangaroo,kangaroo,0,0,,175,C7,C,ambiguous,,C7
173,173,175,P23,black_cat,cat1,ginger_cat,cat2,brush,brush,0,0,,176,C6,C,ambiguous,,C6
174,174,176,P24,red_book,book2,green_book,book1,apple,apple,1,1,,177,D3,D,ambiguous,,D3
175,175,177,P24,red_bird,bird2,blue_bird,bird1,playground,playground,1,1,,178,D2,D,ambiguous,,D2
176,176,178,P24,red_car,car2,blue_car,car1,dolphin,dolphin,1,1,,179,D5,D,ambiguous,,D5
177,177,179,P24,white_dog,dog2,black_dog,dog1,rainbow,rainbow,1,1,,180,D8,D,ambiguous,,D8
178,178,180,P24,red_bus,bus2,green_bus,bus1,torch,torch,1,1,,181,D4,D,ambiguous,,D4
179,179,181,P24,yellow_bike,bike2,red_bike,bike1,candle,candle,1,1,,182,D1,D,ambiguous,,D1
180,180,182,P24,yellow_chair,chair2,blue_chair,chair1,kangaroo,kangaroo,1,1,,183,D7,D,ambiguous,,D7
181,181,183,P24,ginger_cat,cat2,black_cat,cat1,brush,brush,1,1,,184,D6,D,ambiguous,,D6
182,182,184,P25,yellow_flower,flower2,purple_flower,flower1,cane,cane,0,0,,185,A2,A,ambiguous,,A2
183,183,185,P25,gold_spoon,spoon1,silver_spoon,spoon2,comb,comb,0,0,,186,A6,A,ambiguous,,A6
184,184,186,P25,green_clock,clock1,red_clock,clock2,cake,cake,0,0,,187,A3,A,ambiguous,,A3
185,185,187,P25,blue_fish,fish1,green_fish,fish2,playdoh,playdoh,0,0,,188,A1,A,ambiguous,,A1
186,186,188,P25,brown_shoe,shoe1,pink_shoe,shoe2,paintbrush,paintbrush,0,0,,189,A5,A,ambiguous,,A5
187,187,189,P25,blue_toothbrush,toothbrush1,orange_toothbrush,toothbrush2,door,door,0,0,,190,A7,A,ambiguous,,A7
188,188,190,P25,blue_cup,cup1,pink_cup,cup2,dress,dress,0,0,,191,A4,A,ambiguous,,A4
189,189,191,P25,green_tree,flower1,red_tree,tree2,pencil,pencil,0,0,,192,A2,A,ambiguous,,A2
190,190,192,P26,yellow_flower,flower2,purple_flower,flower1,cane,cane,0,0,,193,B2,B,ambiguous,,B2
191,191,193,P26,pink_shoe,shoe2,brown_shoe,shoe1,paintbrush,paintbrush,1,1,,194,B5,B,ambiguous,,B5
192,192,194,P26,red_tree,tree2,green_tree,tree1,pencil,pencil,0,0,nearly said green tree,195,B8,B,ambiguous,,B8
193,193,195,P26,green_fish,fish2,blue_fish,fish1,playdoh,playdoh,0,0,,196,B1,B,ambiguous,,B1
194,194,196,P26,red_clock,clock2,green_clock,clock1,cake,cake,0,0,,197,B3,B,ambiguous,,B3
195,195,197,P26,orange_toothbrush,toothbrush2,blue_toothbrush,toothbrush1,door,door,0,0,,198,B7,B,ambiguous,,B7
196,196,198,P26,silver_spoon,spoon2,gold_spoon,spoon1,comb,comb,0,0,,199,B6,B,ambiguous,,B6
197,197,199,P26,pink_cup,cup2,blue_cup,cup1,dress,dress,0,0,,200,B4,B,ambiguous,,B4
198,198,200,P27,red_bike,bike1,yellow_bike,bike2,candle,candle,1,1,,201,C1,C,ambiguous,,C1
199,199,201,P27,green_book,book1,red_book,book2,apple,apple,1,1,,202,C3,C,ambiguous,,C3
200,200,202,P27,blue_bird,bird1,red_bird,bird2,playground,playground,1,1,,203,C2,C,ambiguous,,C2
201,201,203,P27,green_bus,bus1,red_bus,bus2,torch,torch,1,1,,204,C4,C,ambiguous,,C4
202,202,204,P27,black_cat,cat1,ginger_cat,cat2,brush,brush,1,1,,205,C6,C,ambiguous,,C6
203,203,205,P27,blue_chair,chair1,yellow_chair,chair2,kangaroo,kangaroo,1,1,,206,C7,C,ambiguous,,C7
204,204,206,P27,black_dog,dog1,white_dog,dog2,kangaroo,kangaroo,1,1,,207,C8,C,ambiguous,,C8
205,205,207,P27,blue_car,car1,red_car,car2,dolphin,dolphin,1,1,,208,C5,C,ambiguous,,C5
206,206,208,P28,red_car,car2,blue_car,car1,dolphin,dolphin,1,1,,209,D5,D,ambiguous,,D5
207,207,209,P28,ginger_cat,cat2,black_cat,cat1,brush,brush,1,1,,210,D6,D,ambiguous,,D6
208,208,210,P28,red_bus,bus2,green_bus,bus1,torch,torch,1,1,,211,D4,D,ambiguous,,D4
209,209,211,P28,red_bird,bird2,blue_bird,bird1,playground,playground,0,1,,212,D2,D,ambiguous,,D2
210,210,212,P28,yellow_chair,chair2,blue_chair,chair1,kangaroo,kangaroo,1,1,,213,D7,D,ambiguous,,D7
211,211,213,P28,red_book,book2,green_book,book1,apple,apple,1,1,,214,D3,D,ambiguous,,D3
212,212,214,P28,yellow_bike,bike2,red_bike,bike1,candle,candle,1,1,,215,D1,D,ambiguous,,D1
213,213,215,P28,white_dog,dog2,black_dog,dog1,rainbow,rainbow,1,1,,216,D8,D,ambiguous,,D8
214,214,216,P29,green_clock,clock1,red_clock,clock2,cake,cake,0,0,,217,A3,A,ambiguous,,A3
215,215,217,P29,blue_toothbrush,toothbrush1,orange_toothbrush,toothbrush2,door,door,0,0,,218,A7,A,ambiguous,,A7
216,216,218,P29,green_tree,flower1,red_tree,tree2,pencil,pencil,0,0,,219,A2,A,ambiguous,,A2
217,217,219,P29,gold_spoon,spoon1,silver_spoon,spoon2,comb,comb,0,0,,220,A6,A,ambiguous,,A6
218,218,220,P29,blue_cup,cup1,pink_cup,cup2,dress,dress,0,0,,221,A4,A,ambiguous,,A4
219,219,221,P29,brown_shoe,shoe1,pink_shoe,shoe2,paintbrush,paintbrush,0,1, ,222,A5,A,ambiguous,,A5
220,220,222,P29,yellow_flower,flower2,purple_flower,flower1,cane,cane,0,0,,223,A2,A,ambiguous,,A2
221,221,223,P29,blue_fish,fish1,green_fish,fish2,playdoh,playdoh,0,0,,224,A1,A,ambiguous,,A1
222,222,224,P30,orange_toothbrush,toothbrush2,blue_toothbrush,toothbrush1,door,door,1,1,,225,B7,B,ambiguous,,B7
223,223,225,P30,red_clock,clock2,green_clock,clock1,cake,cake,1,1,,226,B3,B,ambiguous,,B3
224,224,226,P30,silver_spoon,spoon2,gold_spoon,spoon1,comb,comb,1,1,,227,B6,B,ambiguous,,B6
225,225,227,P30,pink_cup,cup2,blue_cup,cup1,dress,dress,0,1,,228,B4,B,ambiguous,,B4
226,226,228,P30,pink_shoe,shoe2,brown_shoe,shoe1,paintbrush,paintbrush,0,0,,229,B5,B,ambiguous,,B5
227,227,229,P30,green_fish,fish2,blue_fish,fish1,playdoh,playdoh,0,0,,230,B1,B,ambiguous,,B1
228,228,230,P30,red_tree,tree2,green_tree,flower1,pencil,pencil,1,0,,231,B8,B,ambiguous,,B8
229,229,231,P30,yellow_flower,flower2,purple_flower,flower1,cane,cane,0,0,,232,B2,B,ambiguous,,B2
230,230,232,P31,black_cat,cat1,orange_cat,,brush,brush,1,1,,233,C6,C,ambiguous,,C6
231,231,233,P31,green_bus,bus1,red_bus,bus2,torch,torch,1,1,,234,C4,C,ambiguous,,C4
232,232,234,P31,green_book,book1,red_book,book2,torch,torch,1,1,,235,C3,C,ambiguous,,C3
233,233,235,P31,blue_bird,bird1,red_bird,bird2,playground,playground,0,0,,236,C2,C,ambiguous,,C2
234,234,236,P31,blue_chair,chair1,yellow_chair,chair2,kangaroo,kangaroo,1,1,blue > yellow,237,C7,C,ambiguous,,C7
235,235,237,P31,red_bike,bike1,yellow_bike,bike2,candle,candle,0,0,,238,C1,C,ambiguous,,C1
236,236,238,P31,blue_car,car1,red_car,car2,dolphin,dolphin,0,0,,239,C5,C,ambiguous,,C5
237,237,239,P31,black_dog,dog1,white_dog,dog2,rainbow,rainbow,0,0,,240,C8,C,ambiguous,,C8
238,238,240,P32,ginger_cat,cat2,black_cat,cat1,brush,brush,0,0,,241,D6,D,ambiguous,,D6
239,239,241,P32,red_car,car2,blue_car,car1,dolphin,dolphin,1,1,,242,D5,D,ambiguous,,D5
240,240,242,P32,white_dog,dog2,black_dog,dog1,rainbow,rainbow,1,1,,243,D8,D,ambiguous,,D8
241,241,243,P32,red_bird,bird2,blue_bird,bird1,playground,playground,1,1,,244,D2,D,ambiguous,,D2
242,242,244,P32,yellow_chair,chair2,blue_chair,chair1,kangaroo,kangaroo,1,1,,245,D7,D,ambiguous,,D7
243,243,245,P32,red_bus,bus2,green_bus,bus1,torch,torch,1,1,,246,D4,D,ambiguous,,D4
244,244,246,P32,yellow_bike,bike2,red_bike,bike1,candle,candle,1,1,,247,D1,D,ambiguous,,D1
245,245,247,P32,red_book,book2,green_book,book1,apple,apple,1,1,,248,D3,D,ambiguous,,D3
246,246,250,P33,gold_spoon,spoon1,silver_spoon,spoon2,comb,comb,0,0,,251,A6,A,ambiguous,,A6
247,247,251,P33,yellow_flower,flower2,purple_flower,flower1,cane,cane,0,0,,252,A2,A,ambiguous,,A2
248,248,252,P33,blue_fish,fish1,green_fish,fish2,playdoh,playdoh,0,0,,253,A1,A,ambiguous,,A1
249,249,253,P33,green_clock,clock1,red_clock,clock2,cake,cake,0,0,,254,A3,A,ambiguous,,A3
250,250,254,P33,brown_shoe,shoe1,pink_shoe,shoe2,paintbrush,paintbrush,0,0,,255,A5,A,ambiguous,,A5
251,251,255,P33,green_tree,flower1,red_tree,tree2,pencil,pencil,0,0,,256,A2,A,ambiguous,,A2
252,252,256,P34,orange_toothbrush,toothbrush2,blue_toothbrush,toothbrush1,door,door,0,0,,257,B7,B,ambiguous,,B7
253,253,257,P34,red_clock,clock2,green_clock,clock1,cake,cake,0,0,,258,B3,B,ambiguous,,B3
254,254,258,P34,red_tree,tree2,green_tree,flower1,pencil,pencil,0,0,,259,B8,B,ambiguous,,B8
255,255,259,P34,green_fish,fish2,blue_fish,fish1,playdoh,playdoh,0,0,,260,B1,B,ambiguous,,B1
256,256,260,P34,pink_cup,cup2,blue_cup,cup1,dress,dress,0,0,,261,B4,B,ambiguous,,B4
257,257,261,P34,pink_shoe,shoe2,brown_shoe,shoe1,paintbrush,paintbrush,0,0,,262,B5,B,ambiguous,,B5
258,258,262,P34,silver_spoon,spoon2,gold_spoon,spoon1,comb,comb,0,0,,263,B6,B,ambiguous,,B6
259,259,263,P34,yellow_flower,flower2,purple_flower,flower1,cane,cane,0,0,,264,B2,B,ambiguous,,B2
260,260,264,P35,blue_bird,bird1,red_bird,bird2,playground,playground,0,0,,265,C2,C,ambiguous,,C2
261,261,265,P35,red_bike,bike1,yellow_bike,bike2,candle,candle,0,0,,266,C1,C,ambiguous,,C1
262,262,266,P35,blue_car,car1,red_car,car2,dolphin,dolphin,0,0,,267,C5,C,ambiguous,,C5
263,263,267,P35,black_dog,dog1,white_dog,dog2,rainbow,rainbow,0,0,,268,C8,C,ambiguous,,C8
264,264,268,P35,blue_chair,chair1,yellow_chair,chair2,kangaroo,kangaroo,0,0,,269,C7,C,ambiguous,,C7
265,265,269,P35,black_cat,cat1,ginger_cat,cat2,brush,brush,0,0,,270,C6,C,ambiguous,,C6
266,266,270,P35,green_book,book1,red_book,book2,apple,apple,0,0,,271,C3,C,ambiguous,,C3
267,267,271,P35,green_bus,bus1,red_bus,bus2,torch,torch,0,0,,272,C4,C,ambiguous,,C4
268,268,272,P36,red_book,book2,green_book,book1,apple,apple,0,0,,273,D3,D,ambiguous,,D3
269,269,273,P36,yellow_chair,chair2,blue_chair,chair1,kangaroo,kangaroo,0,0,,274,D7,D,ambiguous,,D7
270,270,274,P36,red_bus,bus2,green_bus,bus1,torch,torch,0,1,,275,D4,D,ambiguous,,D4
271,271,275,P36,yellow_bike,bike2,red_bike,bike1,candle,candle,0,1,,276,D1,D,ambiguous,,D1
272,272,276,P36,red_car,car2,blue_car,car1,dolphin,dolphin,0,0,,277,D5,D,ambiguous,,D5
273,273,277,P36,ginger_cat,cat2,black_cat,cat1,brush,brush,0,1,,278,D6,D,ambiguous,,D6
274,274,278,P36,red_bird,bird2,blue_bird,bird1,playground,playground,0,1,,279,D2,D,ambiguous,,D2
275,275,279,P36,white_dog,dog2,black_dog,dog1,rainbow,rainbow,1,1,,280,D8,D,ambiguous,,D8
276,276,280,P38,blue_toothbrush,toothbrush1,orange_toothbrush,toothbrush2,door,door,1,1,,281,A7,A,ambiguous,,A7
277,277,281,P38,brown_shoe,shoe1,pink_shoe,shoe2,paintbrush,paintbrush,0,1,,282,A5,A,ambiguous,,A5
278,278,282,P38,green_tree,flower1,red_tree,tree2,pencil,pencil,1,1,,283,A2,A,ambiguous,,A2
279,279,283,P38,yellow_flower,flower2,purple_flower,flower1,cane,cane,1,1,,284,A2,A,ambiguous,,A2
280,280,284,P38,blue_cup,cup1,pink_cup,cup2,dress,dress,1,1,,285,A4,A,ambiguous,,A4
281,281,285,P38,green_clock,clock1,red_clock,clock2,cake,cake,1,1,,286,A3,A,ambiguous,,A3
282,282,286,P38,gold_spoon,spoon1,silver_spoon,spoon2,comb,comb,1,1,,287,A6,A,ambiguous,,A6
283,283,287,P38,blue_fish,fish1,green_fish,fish2,playdoh,playdoh,1,1,,288,A1,A,ambiguous,,A1
284,284,288,P39,yellow_flower,flower2,purple_flower,flower1,cane,cane,0,0,,289,B2,B,ambiguous,,B2
285,285,289,P39,green_fish,fish2,blue_fish,fish1,playdoh,playdoh,1,1,,290,B1,B,ambiguous,,B1
286,286,290,P39,pink_cup,cup2,blue_cup,cup1,dress,dress,0,0,,291,B4,B,ambiguous,,B4
287,287,291,P39,red_clock,clock2,green_clock,clock1,cake,cake,1,1,,292,B3,B,ambiguous,,B3
288,288,292,P39,orange_toothbrush,toothbrush2,blue_toothbrush,toothbrush1,door,door,0,0,,293,B7,B,ambiguous,,B7
289,289,293,P39,silver_spoon,spoon2,gold_spoon,spoon1,comb,comb,0,0,,294,B6,B,ambiguous,,B6
290,290,294,P39,pink_shoe,shoe2,brown_shoe,shoe1,paintbrush,paintbrush,0,0,,295,B5,B,ambiguous,,B5
291,291,295,P39,red_tree,tree2,green_tree,flower1,pencil,pencil,0,0,,296,B8,B,ambiguous,,B8
292,,,P01,red_bike,bike1,red_bird,bird2,candle,candle,0,0,,,,A,control,A9,A9
293,,,P01,green_book,book1,red_bus,bus2,apple,apple,0,0,,,,A,control,A10,A10
294,,,P01,red_book,book2,blue_bird,bird1,playground,playground,0,0,,,,A,control,A11,A11
295,,,P01,green_bus,bus1,red_car,car2,flashlight,flashlight,0,0,,,,A,control,A12,A12
296,,,P01,blue_car,car1,ginger_cat,cat2,dolphin,dolphin,0,0,,,,A,control,A13,A13
297,,,P01,black_cat,cat1,yellow_chair,chair2,hairbrush,hairbrush,0,0,,,,A,control,A14,A14
298,,,P01,blue_chair,chair1,white_dog,dog2,kangaroo,kangaroo,0,0,,,,A,control,A15,A15
299,,,P01,black_dog,dog1,yellow_bike,bike2,rainbow,rainbow,0,0,,,,A,control,A16,A16
301,,,P02,red_bird,bird2,green_book,book1,playground,playground,0,0,,,,B,control,B10,B10
302,,,P02,red_book,book2,green_bus,bus1,apple,apple,0,0,,,,B,control,B11,B11
303,,,P02,red_bus,bus2,blue_car,car1,flashlight,flashlight,0,0,,,,B,control,B12,B12
304,,,P02,red_car,car2,black_cat,cat1,dolphin,dolphin,0,0,,,,B,control,B13,B13
305,,,P02,ginger_cat,cat2,blue_chair,chair1,hairbrush,hairbrush,0,0,,,,B,control,B14,B14
306,,,P02,yellow_chair,chair2,black_dog,dog1,kangaroo,kangaroo,0,0,,,,B,control,B15,B15
307,,,P02,white_dog,dog2,red_bike,bike1,rainbow,rainbow,0,0,,,,B,control,B16,B16
308,,,P03,blue_fish,fish1,yellow_flower,flower2,playdoh,playdoh,0,0,,,,C,control,C9,C9
309,,,P03,purple_flower,flower1,pink_cup,cup2,cane,cane,0,0,,,,C,control,C10,C10
310,,,P03,blue_cup,cup1,red_clock,clock2,cake,cake,0,0,,,,C,control,C11,C11
311,,,P03,green_clock,clock1,pink_shoe,shoe2,dress,dress,0,1,"a shoe, a high heeled shoe",,,C,control,C12,C12
312,,,P03,brown_shoe,shoe1,silver_spoon,spoon2,paintbrush,paintbrush,0,0,,,,C,control,C13,C13
313,,,P03,gold_spoon,spoon1,orange_toothbrush,toothbrush2,comb,comb,0,0,,,,C,control,C14,C14
314,,,P03,blue_toothbrush,toothbrush1,red_tree,tree2,door,door,0,0,,,,C,control,C15,C15
315,,,P03,green_tree,tree1,green_fish,fish2,pencil,pencil,0,0,,,,C,control,C16,C16
316,,,P04,green_fish,fish2,purple_flower,flower1,playdoh,playdoh,0,0,,,,D,control,D9,D9
317,,,P04,yellow_flower,flower2,blue_cup,cup1,cane,cane,0,0,,,,D,control,D10,D10
318,,,P04,pink_cup,cup2,green_clock,clock1,cake,cake,0,0,,,,D,control,D11,D11
319,,,P04,red_clock,clock2,brown_shoe,shoe1,dress,dress,0,0,,,,D,control,D12,D12
320,,,P04,pink_shoe,shoe2,gold_spoon,spoon1,paintbrush,paintbrush,0,0,,,,D,control,D13,D13
321,,,P04,silver_spoon,spoon2,blue_toothbrush,toothbrush1,comb,comb,0,0,,,,D,control,D14,D14
322,,,P04,orange_toothbrush,toothbrush2,green_tree,tree1,door,door,0,0,,,,D,control,D15,D15
323,,,P04,red_tree,tree2,blue_fish,fish1,pencil,pencil,0,0,,,,D,control,D16,D16
324,,,P05,red_bike,bike1,red_bird,bird2,candle,candle,0,0,,,,A,control,A9,A9
325,,,P05,green_book,book1,red_bus,bus2,apple,apple,0,0,,,,A,control,A10,A10
326,,,P05,red_book,book2,blue_bird,bird1,playground,playground,0,0,,,,A,control,A11,A11
327,,,P05,green_bus,bus1,red_car,car2,flashlight,flashlight,0,0,,,,A,control,A12,A12
328,,,P05,blue_car,car1,ginger_cat,cat2,dolphin,dolphin,0,0,,,,A,control,A13,A13
329,,,P05,black_cat,cat1,yellow_chair,chair2,hairbrush,hairbrush,0,0,,,,A,control,A14,A14
330,,,P05,blue_chair,chair1,white_dog,dog2,kangaroo,kangaroo,0,0,,,,A,control,A15,A15
331,,,P05,black_dog,dog1,yellow_bike,bike2,rainbow,rainbow,0,0,,,,A,control,A16,A16
332,,,P06,yellow_bike,bike2,blue_bird,bird1,candle,candle,0,0,,,,B,control,B9,B9
333,,,P06,red_bird,bird2,green_book,book1,playground,playground,1,1,,,,B,control,B10,B10
334,,,P06,red_book,book2,green_bus,bus1,apple,apple,1,1,,,,B,control,B11,B11
335,,,P06,red_bus,bus2,blue_car,car1,flashlight,flashlight,1,1,,,,B,control,B12,B12
336,,,P06,red_car,car2,black_cat,cat1,dolphin,dolphin,1,1,,,,B,control,B13,B13
337,,,P06,ginger_cat,cat2,blue_chair,chair1,hairbrush,hairbrush,1,1,,,,B,control,B14,B14
338,,,P06,yellow_chair,chair2,black_dog,dog1,kangaroo,kangaroo,1,1,,,,B,control,B15,B15
339,,,P06,white_dog,dog2,red_bike,bike1,rainbow,rainbow,1,1,,,,B,control,B16,B16
340,,,P07,blue_fish,fish1,yellow_flower,flower2,playdoh,playdoh,0,0,,,,C,control,C9,C9
341,,,P07,purple_flower,flower1,pink_cup,cup2,cane,cane,0,0,,,,C,control,C10,C10
342,,,P07,blue_cup,cup1,red_clock,clock2,cake,cake,0,0,,,,C,control,C11,C11
343,,,P07,green_clock,clock1,pink_shoe,shoe2,dress,dress,0,0,,,,C,control,C12,C12
344,,,P07,brown_shoe,shoe1,silver_spoon,spoon2,paintbrush,paintbrush,0,0,,,,C,control,C13,C13
345,,,P07,gold_spoon,spoon1,orange_toothbrush,toothbrush2,comb,comb,0,0,,,,C,control,C14,C14
346,,,P07,blue_toothbrush,toothbrush1,red_tree,tree2,door,door,0,0,,,,C,control,C15,C15
347,,,P07,green_tree,tree1,green_fish,fish2,pencil,pencil,0,0,,,,C,control,C16,C16
348,,,P08,green_fish,fish2,purple_flower,flower1,playdoh,playdoh,0,0,,,,D,control,D9,D9
349,,,P08,yellow_flower,flower2,blue_cup,cup1,cane,cane,0,0,,,,D,control,D10,D10
350,,,P08,pink_cup,cup2,green_clock,clock1,cake,cake,0,0,,,,D,control,D11,D11
351,,,P08,red_clock,clock2,brown_shoe,shoe1,dress,dress,0,0,,,,D,control,D12,D12
352,,,P08,pink_shoe,shoe2,gold_spoon,spoon1,paintbrush,paintbrush,1,0,"""a fancy shoe"" for Elmo",,,D,control,D13,D13
353,,,P08,silver_spoon,spoon2,blue_toothbrush,toothbrush1,comb,comb,0,0,,,,D,control,D14,D14
354,,,P08,orange_toothbrush,toothbrush2,green_tree,tree1,door,door,0,0,,,,D,control,D15,D15
355,,,P08,red_tree,tree2,blue_fish,fish1,pencil,pencil,0,0,,,,D,control,D16,D16
356,,,P09,red_bike,bike1,red_bird,bird2,candle,candle,0,0,,,,A,control,A9,A9
357,,,P09,green_book,book1,red_bus,bus2,apple,apple,0,0,,,,A,control,A10,A10
358,,,P09,red_book,book2,blue_bird,bird1,playground,playground,0,0,,,,A,control,A11,A11
359,,,P09,green_bus,bus1,red_car,car2,flashlight,flashlight,0,0,,,,A,control,A12,A12
360,,,P09,blue_car,car1,ginger_cat,cat2,dolphin,dolphin,0,0,,,,A,control,A13,A13
361,,,P09,black_cat,cat1,yellow_chair,chair2,hairbrush,hairbrush,0,0,,,,A,control,A14,A14
362,,,P09,blue_chair,chair1,white_dog,dog2,kangaroo,kangaroo,0,0,,,,A,control,A15,A15
363,,,P09,black_dog,dog1,yellow_bike,bike2,rainbow,rainbow,0,0,,,,A,control,A16,A16
364,,,P10,yellow_bike,bike2,blue_bird,bird1,candle,candle,0,0,,,,B,control,B9,B9
365,,,P10,red_bird,bird2,green_book,book1,playground,playground,0,0,,,,B,control,B10,B10
366,,,P10,red_book,book2,green_bus,bus1,apple,apple,0,0,,,,B,control,B11,B11
367,,,P10,red_bus,bus2,blue_car,car1,flashlight,flashlight,0,0,,,,B,control,B12,B12
368,,,P10,red_car,car2,black_cat,cat1,dolphin,dolphin,0,0,,,,B,control,B13,B13
369,,,P10,ginger_cat,cat2,blue_chair,chair1,hairbrush,hairbrush,0,0,,,,B,control,B14,B14
370,,,P10,yellow_chair,chair2,black_dog,dog1,kangaroo,kangaroo,0,0,,,,B,control,B15,B15
371,,,P10,white_dog,dog2,red_bike,bike1,rainbow,rainbow,0,0,,,,B,control,B16,B16
372,,,P11,blue_fish,fish1,yellow_flower,flower2,playdoh,playdoh,0,0,,,,C,control,C9,C9
373,,,P11,purple_flower,flower1,pink_cup,cup2,cane,cane,0,1,,,,C,control,C10,C10
374,,,P11,blue_cup,cup1,red_clock,clock2,cake,cake,0,0,,,,C,control,C11,C11
375,,,P11,green_clock,clock1,pink_shoe,shoe2,dress,dress,,0,wrong answer for first one,,,C,control,C12,C12
376,,,P11,brown_shoe,shoe1,silver_spoon,spoon2,paintbrush,paintbrush,0,0,,,,C,control,C13,C13
377,,,P11,gold_spoon,spoon1,orange_toothbrush,toothbrush2,comb,comb,0,0,,,,C,control,C14,C14
378,,,P11,blue_toothbrush,toothbrush1,red_tree,tree2,door,door,0,0,,,,C,control,C15,C15
379,,,P11,green_tree,tree1,green_fish,fish2,pencil,pencil,0,1,,,,C,control,C16,C16
380,,,P12,green_fish,fish2,purple_flower,flower1,playdoh,playdoh,0,0,,,,D,control,D9,D9
381,,,P12,yellow_flower,flower2,blue_cup,cup1,cane,cane,1,1,,,,D,control,D10,D10
382,,,P12,pink_cup,cup2,green_clock,clock1,cake,cake,1,0,"a cup, a pink cup",,,D,control,D11,D11
383,,,P12,red_clock,clock2,brown_shoe,shoe1,dress,dress,0,0,,,,D,control,D12,D12
384,,,P12,pink_shoe,shoe2,gold_spoon,spoon1,paintbrush,paintbrush,1,0,a pink high heel,,,D,control,D13,D13
385,,,P12,silver_spoon,spoon2,blue_toothbrush,toothbrush1,comb,comb,0,0,,,,D,control,D14,D14
386,,,P12,orange_toothbrush,toothbrush2,green_tree,tree1,door,door,0,0,,,,D,control,D15,D15
387,,,P12,red_tree,tree2,blue_fish,fish1,pencil,pencil,0,0,,,,D,control,D16,D16
388,,,P13,red_bike,bike1,red_bird,bird2,candle,candle,1,1,,,,A,control,A9,A9
389,,,P13,green_book,book1,red_bus,bus2,apple,apple,1,1,,,,A,control,A10,A10
390,,,P13,red_book,book2,blue_bird,bird1,playground,playground,1,1,,,,A,control,A11,A11
391,,,P13,green_bus,bus1,red_car,car2,flashlight,flashlight,1,1,,,,A,control,A12,A12
392,,,P13,blue_car,car1,ginger_cat,cat2,dolphin,dolphin,1,0,,,,A,control,A13,A13
393,,,P13,black_cat,cat1,yellow_chair,chair2,hairbrush,hairbrush,0,1,,,,A,control,A14,A14
394,,,P13,blue_chair,chair1,white_dog,dog2,kangaroo,kangaroo,1,0,,,,A,control,A15,A15
395,,,P13,black_dog,dog1,yellow_bike,bike2,rainbow,rainbow,0,0,,,,A,control,A16,A16
396,,,P14,green_fish,fish2,purple_flower,flower1,playdoh,playdoh,1,1,,,,D,control,D9,D9
397,,,P14,yellow_flower,flower2,blue_cup,cup1,cane,cane,1,1,,,,D,control,D10,D10
398,,,P14,pink_cup,cup2,green_clock,clock1,cake,cake,1,1,,,,D,control,D11,D11
399,,,P14,red_clock,clock2,brown_shoe,shoe1,dress,dress,0,1,a stinky shoe,,,D,control,D12,D12
400,,,P14,pink_shoe,shoe2,gold_spoon,spoon1,paintbrush,paintbrush,1,1,,,,D,control,D13,D13
401,,,P14,silver_spoon,spoon2,blue_toothbrush,toothbrush1,comb,comb,1,1,,,,D,control,D14,D14
402,,,P14,orange_toothbrush,toothbrush2,green_tree,tree1,door,door,1,0,,,,D,control,D15,D15
403,,,P14,red_tree,tree2,blue_fish,fish1,pencil,pencil,1,1,,,,D,control,D16,D16
404,,,P15,blue_fish,fish1,yellow_flower,flower2,playdoh,playdoh,0,0,,,,C,control,C9,C9
405,,,P15,purple_flower,flower1,pink_cup,cup2,cane,cane,0,0,,,,C,control,C10,C10
406,,,P15,blue_cup,cup1,red_clock,clock2,cake,cake,0,0,,,,C,control,C11,C11
407,,,P15,green_clock,clock1,pink_shoe,shoe2,dress,dress,0,1,,,,C,control,C12,C12
408,,,P15,brown_shoe,shoe1,silver_spoon,spoon2,paintbrush,paintbrush,0,0,,,,C,control,C13,C13
410,,,P15,blue_toothbrush,toothbrush1,red_tree,tree2,door,door,0,0,,,,C,control,C15,C15
411,,,P15,green_tree,tree1,green_fish,fish2,pencil,pencil,0,0,,,,C,control,C16,C16
412,,,P16,green_fish,fish2,purple_flower,flower1,playdoh,playdoh,0,0,,,,D,control,D9,D9
413,,,P16,yellow_flower,flower2,blue_cup,cup1,cane,cane,0,0,,,,D,control,D10,D10
414,,,P16,pink_cup,cup2,green_clock,clock1,cake,cake,0,0,,,,D,control,D11,D11
415,,,P16,red_clock,clock2,brown_shoe,shoe1,dress,dress,0,0,,,,D,control,D12,D12
416,,,P16,pink_shoe,shoe2,gold_spoon,spoon1,paintbrush,paintbrush,0,0,,,,D,control,D13,D13
417,,,P16,silver_spoon,spoon2,blue_toothbrush,toothbrush1,comb,comb,0,0,,,,D,control,D14,D14
418,,,P16,orange_toothbrush,toothbrush2,green_tree,tree1,door,door,0,0,,,,D,control,D15,D15
419,,,P16,red_tree,tree2,blue_fish,fish1,pencil,pencil,0,0,,,,D,control,D16,D16
420,,,P17,red_bike,bike1,red_bird,bird2,candle,candle,0,0,,,,A,control,A9,A9
421,,,P17,green_book,book1,red_bus,bus2,apple,apple,,0,video skips during first one,,,A,control,A10,A10
422,,,P17,red_book,book2,blue_bird,bird1,playground,playground,0,0,,,,A,control,A11,A11
423,,,P17,green_bus,bus1,red_car,car2,flashlight,flashlight,0,0,,,,A,control,A12,A12
424,,,P17,blue_car,car1,ginger_cat,cat2,dolphin,dolphin,0,0,,,,A,control,A13,A13
425,,,P17,black_cat,cat1,yellow_chair,chair2,hairbrush,hairbrush,0,0,,,,A,control,A14,A14
426,,,P17,blue_chair,chair1,white_dog,dog2,kangaroo,kangaroo,0,0,,,,A,control,A15,A15
427,,,P17,black_dog,dog1,yellow_bike,bike2,rainbow,rainbow,0,0,,,,A,control,A16,A16
428,,,P18,yellow_bike,bike2,blue_bird,bird1,candle,candle,0,0,,,,B,control,B9,B9
429,,,P18,red_bird,bird2,green_book,book1,playground,playground,0,0,,,,B,control,B10,B10
430,,,P18,red_book,book2,green_bus,bus1,apple,apple,0,0,,,,B,control,B11,B11
431,,,P18,red_bus,bus2,blue_car,car1,flashlight,flashlight,0,0,,,,B,control,B12,B12
432,,,P18,red_car,car2,black_cat,cat1,dolphin,dolphin,0,0,,,,B,control,B13,B13
433,,,P18,ginger_cat,cat2,blue_chair,chair1,hairbrush,hairbrush,0,0,,,,B,control,B14,B14
434,,,P18,yellow_chair,chair2,black_dog,dog1,kangaroo,kangaroo,0,0,,,,B,control,B15,B15
435,,,P18,white_dog,dog2,red_bike,bike1,rainbow,rainbow,0,0,,,,B,control,B16,B16
436,,,P20,red_bike,bike1,red_bird,bird2,candle,candle,0,0,,,,A,control,A9,A9
437,,,P20,green_book,book1,red_bus,bus2,apple,apple,0,0,,,,A,control,A10,A10
438,,,P20,red_book,book2,blue_bird,bird1,playground,playground,0,0,,,,A,control,A11,A11
439,,,P20,green_bus,bus1,red_car,car2,flashlight,flashlight,0,0,,,,A,control,A12,A12
440,,,P20,blue_car,car1,ginger_cat,cat2,dolphin,dolphin,0,0,,,,A,control,A13,A13
441,,,P20,black_cat,cat1,yellow_chair,chair2,hairbrush,hairbrush,0,0,,,,A,control,A14,A14
442,,,P20,blue_chair,chair1,white_dog,dog2,kangaroo,kangaroo,0,0,,,,A,control,A15,A15
443,,,P20,black_dog,dog1,yellow_bike,bike2,rainbow,rainbow,0,0,,,,A,control,A16,A16
444,,,P21,green_fish,fish2,purple_flower,flower1,playdoh,playdoh,0,0,,,,D,control,D9,D9
445,,,P21,yellow_flower,flower2,blue_cup,cup1,cane,cane,0,0,,,,D,control,D10,D10
446,,,P21,pink_cup,cup2,green_clock,clock1,cake,cake,0,0,,,,D,control,D11,D11
447,,,P21,red_clock,clock2,brown_shoe,shoe1,dress,dress,0,0,,,,D,control,D12,D12
448,,,P21,pink_shoe,shoe2,gold_spoon,spoon1,paintbrush,paintbrush,0,0,,,,D,control,D13,D13
449,,,P21,silver_spoon,spoon2,blue_toothbrush,toothbrush1,comb,comb,0,0,,,,D,control,D14,D14
450,,,P21,orange_toothbrush,toothbrush2,green_tree,tree1,door,door,0,0,,,,D,control,D15,D15
451,,,P21,red_tree,tree2,blue_fish,fish1,pencil,pencil,0,0,,,,D,control,D16,D16
452,,,P22,yellow_bike,bike2,blue_bird,bird1,candle,candle,0,0,,,,B,control,B9,B9
453,,,P22,red_bird,bird2,green_book,book1,playground,playground,0,0,,,,B,control,B10,B10
454,,,P22,red_book,book2,green_bus,bus1,apple,apple,0,0,,,,B,control,B11,B11
455,,,P22,red_bus,bus2,blue_car,car1,flashlight,flashlight,0,0,,,,B,control,B12,B12
456,,,P22,red_car,car2,black_cat,cat1,dolphin,dolphin,1,1,,,,B,control,B13,B13
457,,,P22,ginger_cat,cat2,blue_chair,chair1,hairbrush,hairbrush,0,0,,,,B,control,B14,B14
458,,,P22,yellow_chair,chair2,black_dog,dog1,kangaroo,kangaroo,0,0,,,,B,control,B15,B15
459,,,P22,white_dog,dog2,red_bike,bike1,rainbow,rainbow,0,0,,,,B,control,B16,B16
460,,,P23,blue_fish,fish1,yellow_flower,flower2,playdoh,playdoh,0,0,,,,C,control,C9,C9
461,,,P23,purple_flower,flower1,pink_cup,cup2,cane,cane,0,0,,,,C,control,C10,C10
462,,,P23,blue_cup,cup1,red_clock,clock2,cake,cake,0,0,,,,C,control,C11,C11
463,,,P23,green_clock,clock1,pink_shoe,shoe2,dress,dress,0,0,,,,C,control,C12,C12
464,,,P23,brown_shoe,shoe1,silver_spoon,spoon2,paintbrush,paintbrush,0,0,,,,C,control,C13,C13
465,,,P23,gold_spoon,spoon1,orange_toothbrush,toothbrush2,comb,comb,0,0,,,,C,control,C14,C14
466,,,P23,blue_toothbrush,toothbrush1,red_tree,tree2,door,door,0,0,,,,C,control,C15,C15
467,,,P23,green_tree,tree1,green_fish,fish2,pencil,pencil,0,0,,,,C,control,C16,C16
468,,,P24,green_fish,fish2,purple_flower,flower1,playdoh,playdoh,1,1,,,,D,control,D9,D9
469,,,P24,yellow_flower,flower2,blue_cup,cup1,cane,cane,1,1,,,,D,control,D10,D10
470,,,P24,pink_cup,cup2,green_clock,clock1,cake,cake,1,1,,,,D,control,D11,D11
471,,,P24,red_clock,clock2,brown_shoe,shoe1,dress,dress,1,0,,,,D,control,D12,D12
472,,,P24,pink_shoe,shoe2,gold_spoon,spoon1,paintbrush,paintbrush,1,1,,,,D,control,D13,D13
473,,,P24,silver_spoon,spoon2,blue_toothbrush,toothbrush1,comb,comb,0,1,,,,D,control,D14,D14
474,,,P24,orange_toothbrush,toothbrush2,green_tree,tree1,door,door,1,0,,,,D,control,D15,D15
475,,,P24,red_tree,tree2,blue_fish,fish1,pencil,pencil,1,1,,,,D,control,D16,D16
476,,,P25,red_bike,bike1,red_bird,bird2,candle,candle,0,0,,,,A,control,A9,A9
477,,,P25,green_book,book1,red_bus,bus2,apple,apple,0,0,,,,A,control,A10,A10
478,,,P25,red_book,book2,blue_bird,bird1,playground,playground,0,0,,,,A,control,A11,A11
479,,,P25,green_bus,bus1,red_car,car2,flashlight,flashlight,0,0,,,,A,control,A12,A12
480,,,P25,blue_car,car1,ginger_cat,cat2,dolphin,dolphin,0,0,,,,A,control,A13,A13
481,,,P25,black_cat,cat1,yellow_chair,chair2,hairbrush,hairbrush,0,0,,,,A,control,A14,A14
482,,,P25,blue_chair,chair1,white_dog,dog2,kangaroo,kangaroo,0,0,,,,A,control,A15,A15
483,,,P25,black_dog,dog1,yellow_bike,bike2,rainbow,rainbow,0,0,,,,A,control,A16,A16
484,,,P26,yellow_bike,bike2,blue_bird,bird1,candle,candle,0,0,,,,B,control,B9,B9
485,,,P26,red_bird,bird2,green_book,book1,playground,playground,0,0,,,,B,control,B10,B10
486,,,P26,red_book,book2,green_bus,bus1,apple,apple,0,0,,,,B,control,B11,B11
487,,,P26,red_bus,bus2,blue_car,car1,flashlight,flashlight,0,0,,,,B,control,B12,B12
488,,,P26,red_car,car2,black_cat,cat1,dolphin,dolphin,0,0,,,,B,control,B13,B13
489,,,P26,ginger_cat,cat2,blue_chair,chair1,hairbrush,hairbrush,0,0,,,,B,control,B14,B14
490,,,P26,yellow_chair,chair2,black_dog,dog1,kangaroo,kangaroo,0,0,,,,B,control,B15,B15
491,,,P26,white_dog,dog2,red_bike,bike1,rainbow,rainbow,0,0,,,,B,control,B16,B16
492,,,P27,blue_fish,fish1,yellow_flower,flower2,playdoh,playdoh,0,0,,,,C,control,C9,C9
493,,,P27,purple_flower,flower1,pink_cup,cup2,cane,cane,0,0,,,,C,control,C10,C10
494,,,P27,blue_cup,cup1,red_clock,clock2,cake,cake,0,0,,,,C,control,C11,C11
495,,,P27,green_clock,clock1,pink_shoe,shoe2,dress,dress,0,1,,,,C,control,C12,C12
496,,,P27,brown_shoe,shoe1,silver_spoon,spoon2,paintbrush,paintbrush,1,0,,,,C,control,C13,C13
497,,,P27,gold_spoon,spoon1,orange_toothbrush,toothbrush2,comb,comb,1,1,,,,C,control,C14,C14
498,,,P27,blue_toothbrush,toothbrush1,red_tree,tree2,door,door,0,0,,,,C,control,C15,C15
499,,,P27,green_tree,tree1,green_fish,fish2,pencil,pencil,0,0,,,,C,control,C16,C16
500,,,P28,green_fish,fish2,purple_flower,flower1,playdoh,playdoh,1,1,,,,D,control,D9,D9
502,,,P28,pink_cup,cup2,green_clock,clock1,cake,cake,,0,,,,D,control,D11,D11
503,,,P28,red_clock,clock2,brown_shoe,shoe1,dress,dress,0,0,,,,D,control,D12,D12
504,,,P28,pink_shoe,shoe2,gold_spoon,spoon1,paintbrush,paintbrush,1,1,,,,D,control,D13,D13
505,,,P28,silver_spoon,spoon2,blue_toothbrush,toothbrush1,comb,comb,1,1,,,,D,control,D14,D14
506,,,P28,orange_toothbrush,toothbrush2,green_tree,tree1,door,door,1,1,,,,D,control,D15,D15
507,,,P28,red_tree,tree2,blue_fish,fish1,pencil,pencil,0,0,,,,D,control,D16,D16
508,,,P29,red_bike,bike1,red_bird,bird2,candle,candle,0,0,,,,A,control,A9,A9
509,,,P29,green_book,book1,red_bus,bus2,apple,apple,0,0,,,,A,control,A10,A10
510,,,P29,red_book,book2,blue_bird,bird1,playground,playground,0,0,,,,A,control,A11,A11
511,,,P29,green_bus,bus1,red_car,car2,flashlight,flashlight,0,0,,,,A,control,A12,A12
512,,,P29,blue_car,car1,ginger_cat,cat2,dolphin,dolphin,0,0,,,,A,control,A13,A13
513,,,P29,black_cat,cat1,yellow_chair,chair2,hairbrush,hairbrush,0,0,,,,A,control,A14,A14
514,,,P29,blue_chair,chair1,white_dog,dog2,kangaroo,kangaroo,0,0,,,,A,control,A15,A15
515,,,P29,black_dog,dog1,yellow_bike,bike2,rainbow,rainbow,0,0,,,,A,control,A16,A16
516,,,P30,yellow_bike,bike2,blue_bird,bird1,candle,candle,0,0,,,,B,control,B9,B9
517,,,P30,red_bird,bird2,green_book,book1,playground,playground,1,0,,,,B,control,B10,B10
518,,,P30,red_book,book2,green_bus,bus1,apple,apple,0,0,,,,B,control,B11,B11
519,,,P30,red_bus,bus2,blue_car,car1,flashlight,flashlight,1,1,,,,B,control,B12,B12
520,,,P30,red_car,car2,black_cat,cat1,dolphin,dolphin,1,1,,,,B,control,B13,B13
521,,,P30,ginger_cat,cat2,blue_chair,chair1,hairbrush,hairbrush,0,0,,,,B,control,B14,B14
522,,,P30,yellow_chair,chair2,black_dog,dog1,kangaroo,kangaroo,1,0,,,,B,control,B15,B15
523,,,P30,white_dog,dog2,red_bike,bike1,rainbow,rainbow,1,0,,,,B,control,B16,B16
524,,,P31,blue_fish,fish1,yellow_flower,flower2,playdoh,playdoh,0,0,,,,C,control,C9,C9
525,,,P31,purple_flower,flower1,pink_cup,cup2,cane,cane,0,0,,,,C,control,C10,C10
526,,,P31,blue_cup,cup1,red_clock,clock2,cake,cake,0,0,,,,C,control,C11,C11
527,,,P31,green_clock,clock1,pink_shoe,shoe2,dress,dress,0,0,,,,C,control,C12,C12
528,,,P31,brown_shoe,shoe1,silver_spoon,spoon2,paintbrush,paintbrush,0,0,,,,C,control,C13,C13
529,,,P31,gold_spoon,spoon1,orange_toothbrush,toothbrush2,comb,comb,0,0,,,,C,control,C14,C14
530,,,P31,blue_toothbrush,toothbrush1,red_tree,tree2,door,door,0,0,,,,C,control,C15,C15
531,,,P31,green_tree,tree1,green_fish,fish2,pencil,pencil,0,0,,,,C,control,C16,C16
532,,,P32,green_fish,fish2,purple_flower,flower1,playdoh,playdoh,1,1,,,,D,control,D9,D9
533,,,P32,yellow_flower,flower2,blue_cup,cup1,cane,cane,1,1,,,,D,control,D10,D10
534,,,P32,pink_cup,cup2,green_clock,clock1,cake,cake,1,1,,,,D,control,D11,D11
535,,,P32,red_clock,clock2,brown_shoe,shoe1,dress,dress,1,1,,,,D,control,D12,D12
536,,,P32,pink_shoe,shoe2,gold_spoon,spoon1,paintbrush,paintbrush,1,1,,,,D,control,D13,D13
537,,,P32,silver_spoon,spoon2,blue_toothbrush,toothbrush1,comb,comb,1,1,,,,D,control,D14,D14
538,,,P32,orange_toothbrush,toothbrush2,green_tree,tree1,door,door,1,1,,,,D,control,D15,D15
539,,,P32,red_tree,tree2,blue_fish,fish1,pencil,pencil,1,1,,,,D,control,D16,D16
540,,,P33,red_bike,bike1,red_bird,bird2,candle,candle,0,0,,,,A,control,A9,A9
541,,,P33,green_book,book1,red_bus,bus2,apple,apple,0,0,,,,A,control,A10,A10
542,,,P33,red_book,book2,blue_bird,bird1,playground,playground,0,0,,,,A,control,A11,A11
543,,,P33,green_bus,bus1,red_car,car2,flashlight,flashlight,0,0,,,,A,control,A12,A12
544,,,P33,blue_car,car1,ginger_cat,cat2,dolphin,dolphin,0,0,,,,A,control,A13,A13
545,,,P33,black_cat,cat1,yellow_chair,chair2,hairbrush,hairbrush,0,0,,,,A,control,A14,A14
546,,,P33,blue_chair,chair1,white_dog,dog2,kangaroo,kangaroo,0,0,,,,A,control,A15,A15
547,,,P33,black_dog,dog1,yellow_bike,bike2,rainbow,rainbow,0,0,,,,A,control,A16,A16
548,,,P34,yellow_bike,bike2,blue_bird,bird1,candle,candle,0,0,,,,B,control,B9,B9
549,,,P34,red_bird,bird2,green_book,book1,playground,playground,0,0,,,,B,control,B10,B10
550,,,P34,red_book,book2,green_bus,bus1,apple,apple,0,0,,,,B,control,B11,B11
551,,,P34,red_bus,bus2,blue_car,car1,flashlight,flashlight,0,0,,,,B,control,B12,B12
552,,,P34,red_car,car2,black_cat,cat1,dolphin,dolphin,0,0,,,,B,control,B13,B13
553,,,P34,ginger_cat,cat2,blue_chair,chair1,hairbrush,hairbrush,0,0,,,,B,control,B14,B14
554,,,P34,yellow_chair,chair2,black_dog,dog1,kangaroo,kangaroo,0,0,,,,B,control,B15,B15
555,,,P34,white_dog,dog2,red_bike,bike1,rainbow,rainbow,0,0,,,,B,control,B16,B16
556,,,P35,blue_fish,fish1,yellow_flower,flower2,playdoh,playdoh,0,0,,,,C,control,C9,C9
557,,,P35,purple_flower,flower1,pink_cup,cup2,cane,cane,0,0,,,,C,control,C10,C10
558,,,P35,blue_cup,cup1,red_clock,clock2,cake,cake,0,0,,,,C,control,C11,C11
559,,,P35,green_clock,clock1,pink_shoe,shoe2,dress,dress,0,0,,,,C,control,C12,C12
560,,,P35,brown_shoe,shoe1,silver_spoon,spoon2,paintbrush,paintbrush,0,0,,,,C,control,C13,C13
561,,,P35,gold_spoon,spoon1,orange_toothbrush,toothbrush2,comb,comb,0,0,,,,C,control,C14,C14
562,,,P35,blue_toothbrush,toothbrush1,red_tree,tree2,door,door,0,0,,,,C,control,C15,C15
563,,,P35,green_tree,tree1,green_fish,fish2,pencil,pencil,0,0,,,,C,control,C16,C16
564,,,P36,green_fish,fish2,purple_flower,flower1,playdoh,playdoh,0,0,,,,D,control,D9,D9
565,,,P36,yellow_flower,flower2,blue_cup,cup1,cane,cane,0,0,,,,D,control,D10,D10
566,,,P36,pink_cup,cup2,green_clock,clock1,cake,cake,,0,wrong answer for first one - said cake,,,D,control,D11,D11
567,,,P36,red_clock,clock2,brown_shoe,shoe1,dress,dress,0,0,,,,D,control,D12,D12
568,,,P36,pink_shoe,shoe2,gold_spoon,spoon1,paintbrush,paintbrush,0,0,,,,D,control,D13,D13
569,,,P36,silver_spoon,spoon2,blue_toothbrush,toothbrush1,comb,comb,0,0,,,,D,control,D14,D14
570,,,P36,orange_toothbrush,toothbrush2,green_tree,tree1,door,door,0,1,,,,D,control,D15,D15
571,,,P36,red_tree,tree2,blue_fish,fish1,pencil,pencil,0,1,,,,D,control,D16,D16
572,,,P38,red_bike,bike1,red_bird,bird2,candle,candle,1,1,,,,A,control,A9,A9
573,,,P38,green_book,book1,red_bus,bus2,apple,apple,1,1,,,,A,control,A10,A10
574,,,P38,red_book,book2,blue_bird,bird1,playground,playground,1,1,,,,A,control,A11,A11
575,,,P38,green_bus,bus1,red_car,car2,flashlight,flashlight,1,1,,,,A,control,A12,A12
576,,,P38,blue_car,car1,ginger_cat,cat2,dolphin,dolphin,1,0,,,,A,control,A13,A13
577,,,P38,black_cat,cat1,yellow_chair,chair2,hairbrush,hairbrush,1,1,,,,A,control,A14,A14
578,,,P38,blue_chair,chair1,white_dog,dog2,kangaroo,kangaroo,1,1,,,,A,control,A15,A15
579,,,P38,black_dog,dog1,yellow_bike,bike2,rainbow,rainbow,1,1,,,,A,control,A16,A16
580,,,P39,yellow_bike,bike2,blue_bird,bird1,candle,candle,0,0,,,,B,control,B9,B9
581,,,P39,red_bird,bird2,green_book,book1,playground,playground,0,0,,,,B,control,B10,B10
582,,,P39,red_book,book2,green_bus,bus1,apple,apple,0,0,,,,B,control,B11,B11
583,,,P39,red_bus,bus2,blue_car,car1,flashlight,flashlight,0,0,,,,B,control,B12,B12
584,,,P39,red_car,car2,black_cat,cat1,dolphin,dolphin,1,1,,,,B,control,B13,B13
585,,,P39,ginger_cat,cat2,blue_chair,chair1,hairbrush,hairbrush,0,0,,,,B,control,B14,B14
586,,,P39,yellow_chair,chair2,black_dog,dog1,kangaroo,kangaroo,0,0,,,,B,control,B15,B15
587,,,P39,white_dog,dog2,red_bike,bike1,rainbow,rainbow,1,1,,,,B,control,B16,B16