,Condition,List,Participant,Phase,PresentationID,TrialID,target_filename,foil_filename,distractor_filename,informative_target,informative_foil,target_to_foil,target_to_distractor,target_to_White Space,foil_to_target,foil_to_distractor,foil_to_White Space,distractor_to_target,distractor_to_foil,White Space_to_target,White Space_to_foil,White Space_to_distractor,distractor_to_White Space,target_fixate_dur,foil_fixate_dur,distractor_fixate_dur
0,control,C,P23,elmo,1,C11,cup1,clock2,cake,0,0,0.0,0.0,1.0,0.0,0.0,0.0,0.0,0.0,0.0,0.0,0.0,0.0,266.6,0.0,0.0
1,ambiguous,C,P23,elmo,2,C1,bike1,bike2,candle,0,0,0.0,0.0,0.0,0.0,1.0,0.0,1.0,0.0,0.0,0.0,0.0,0.0,566.6,200.0,433.4
2,control,C,P23,elmo,3,C12,clock1,shoe2,dress,0,0,0.0,0.0,0.0,0.0,0.0,0.0,0.0,0.0,0.0,0.0,0.0,0.0,966.6,0.0,0.0
3,ambiguous,C,P23,elmo,4,C4,bus1,bus2,torch,0,0,1.0,0.0,0.0,0.0,1.0,0.0,0.0,0.0,0.0,0.0,0.0,0.0,367.1,466.7,266.6
4,control,C,P23,elmo,5,C14,spoon1,toothbrush2,comb,0,0,0.0,0.0,0.0,0.0,0.0,0.0,0.0,0.0,0.0,0.0,1.0,0.0,0.0,0.0,366.6
5,ambiguous,C,P23,elmo,6,C5,car1,car2,dolphin,0,0,0.0,0.0,0.0,0.0,1.0,0.0,0.0,0.0,0.0,0.0,0.0,0.0,0.0,200.1,866.7
6,ambiguous,C,P23,elmo,7,C2,bird1,bird2,playground,0,0,1.0,0.0,0.0,0.0,0.0,0.0,0.0,0.0,0.0,0.0,0.0,0.0,400.0,499.9,0.0
7,ambiguous,C,P23,elmo,8,C3,book1,book2,apple,0,0,1.0,0.0,0.0,1.0,0.0,0.0,0.0,0.0,0.0,0.0,0.0,0.0,500.0,533.3,0.0
8,ambiguous,C,P23,elmo,9,C8,dog1,dog2,rainbow,0,0,0.0,0.0,0.0,0.0,0.0,0.0,0.0,0.0,1.0,0.0,0.0,0.0,767.3,0.0,0.0
9,control,C,P23,elmo,10,C16,tree1,fish2,pencil,0,0,0.0,0.0,0.0,0.0,0.0,0.0,0.0,0.0,0.0,0.0,0.0,0.0,1133.1,0.0,0.0
10,control,C,P23,elmo,11,C15,toothbrush1,tree2,door,0,0,0.0,0.0,0.0,0.0,0.0,0.0,1.0,0.0,0.0,0.0,1.0,0.0,166.6,0.0,300.0
11,control,C,P23,elmo,12,C9,fish1,flower2,playdoh,0,0,0.0,0.0,0.0,0.0,0.0,0.0,0.0,0.0,0.0,0.0,0.0,0.0,633.4000000000001,0.0,0.0
12,control,C,P23,elmo,13,C13,shoe1,spoon2,paintbrush,0,0,0.0,0.0,0.0,1.0,0.0,0.0,0.0,1.0,0.0,0.0,0.0,0.0,233.3,133.3,333.5
13,control,C,P23,elmo,14,C10,flower1,cup2,cane,0,0,1.0,0.0,0.0,0.0,0.0,0.0,0.0,0.0,0.0,0.0,0.0,0.0,699.9000000000001,100.0,0.0
14,ambiguous,C,P23,elmo,15,C7,chair1,chair2,kangaroo,0,0,0.0,0.0,0.0,0.0,0.0,0.0,0.0,0.0,0.0,0.0,0.0,0.0,533.3,0.0,0.0
15,ambiguous,C,P23,elmo,16,C6,cat1,cat2,brush,0,0,1.0,0.0,0.0,0.0,0.0,0.0,1.0,0.0,0.0,0.0,0.0,0.0,433.3,100.2,500.0
16,ambiguous,B,P22,elmo,1,B3,clock2,clock1,cake,1,1,0.0,1.0,0.0,0.0,0.0,0.0,1.0,0.0,0.0,0.0,0.0,0.0,533.2,0.0,166.7
17,control,B,P22,elmo,2,B15,chair2,dog1,kangaroo,0,0,1.0,0.0,0.0,0.0,0.0,0.0,0.0,0.0,0.0,0.0,0.0,0.0,666.7,199.9,0.0
18,ambiguous,B,P22,elmo,3,B1,fish2,fish1,playdoh,1,1,0.0,1.0,0.0,0.0,0.0,0.0,0.0,0.0,0.0,0.0,0.0,0.0,166.7,0.0,666.7
19,ambiguous,B,P22,elmo,4,B4,cup2,cup1,dress,1,1,0.0,0.0,1.0,0.0,0.0,0.0,0.0,0.0,0.0,0.0,0.0,0.0,100.0,0.0,0.0
20,ambiguous,B,P22,elmo,5,B5,shoe2,shoe1,paintbrush,1,1,1.0,0.0,0.0,0.0,0.0,0.0,0.0,0.0,0.0,0.0,0.0,0.0,266.6,133.5,0.0
21,control,B,P22,elmo,6,B9,bike2,bird1,candle,0,0,0.0,0.0,0.0,0.0,0.0,0.0,0.0,0.0,0.0,0.0,0.0,0.0,1266.5,0.0,0.0
22,control,B,P22,elmo,7,B16,dog2,bike1,rainbow,0,0,0.0,0.0,0.0,0.0,0.0,0.0,0.0,0.0,0.0,0.0,0.0,0.0,399.8,0.0,0.0
23,ambiguous,B,P22,elmo,8,B7,toothbrush2,toothbrush1,door,1,1,0.0,0.0,0.0,1.0,0.0,0.0,0.0,0.0,0.0,0.0,0.0,0.0,699.8,200.0,0.0
24,control,B,P22,elmo,9,B10,bird2,book1,playground,0,0,0.0,1.0,0.0,0.0,0.0,0.0,1.0,0.0,0.0,0.0,0.0,0.0,967.7,0.0,199.9
25,ambiguous,B,P22,elmo,10,B2,flower2,flower1,cane,1,1,0.0,0.0,0.0,0.0,0.0,0.0,0.0,0.0,0.0,0.0,0.0,0.0,700.0,0.0,0.0
26,control,B,P22,elmo,11,B12,bus2,car1,flashlight,0,0,0.0,0.0,0.0,0.0,1.0,0.0,1.0,0.0,0.0,0.0,0.0,0.0,166.7,766.5999999999999,233.3
27,control,B,P22,elmo,12,B11,book2,bus1,apple,0,0,0.0,0.0,0.0,0.0,0.0,0.0,0.0,0.0,0.0,0.0,0.0,0.0,798.3,0.0,0.0
28,ambiguous,B,P22,elmo,13,B8,tree2,flower1,pencil,1,1,0.0,0.0,0.0,0.0,0.0,0.0,0.0,0.0,0.0,0.0,0.0,0.0,633.2,0.0,0.0
29,control,B,P22,elmo,14,B13,car2,cat1,dolphin,1,1,0.0,0.0,0.0,0.0,0.0,0.0,1.0,0.0,0.0,0.0,0.0,0.0,933.1999999999999,0.0,366.5
30,ambiguous,B,P22,elmo,15,B6,spoon2,spoon1,comb,1,1,0.0,0.0,0.0,1.0,0.0,0.0,0.0,0.0,0.0,0.0,0.0,0.0,299.9,1066.6,0.0
31,control,B,P22,elmo,16,B14,cat2,chair1,hairbrush,0,0,0.0,0.0,0.0,0.0,0.0,0.0,0.0,0.0,0.0,0.0,0.0,0.0,466.9,0.0,0.0
32,ambiguous,D,P12,elmo,1,D2,bird2,bird1,playground,1,1,1.0,0.0,0.0,0.0,0.0,0.0,0.0,0.0,0.0,0.0,0.0,0.0,0.0,166.8,0.0
33,ambiguous,D,P12,elmo,2,D5,car2,car1,dolphin,1,1,0.0,0.0,0.0,0.0,0.0,0.0,0.0,0.0,0.0,0.0,0.0,0.0,899.9,0.0,0.0
34,ambiguous,D,P12,elmo,3,D6,cat2,cat1,brush,1,1,0.0,0.0,0.0,0.0,0.0,0.0,0.0,0.0,0.0,0.0,0.0,0.0,0.0,0.0,0.0
35,control,D,P12,elmo,4,D14,spoon2,toothbrush1,comb,0,0,0.0,0.0,0.0,0.0,0.0,0.0,0.0,0.0,0.0,0.0,0.0,0.0,433.4,0.0,0.0
36,control,D,P12,elmo,5,D12,clock2,shoe1,dress,0,0,0.0,0.0,0.0,0.0,0.0,0.0,0.0,0.0,0.0,0.0,0.0,0.0,0.0,0.0,0.0
37,control,D,P12,elmo,6,D11,cup2,clock1,cake,1,0,0.0,0.0,0.0,0.0,0.0,0.0,0.0,0.0,0.0,0.0,0.0,0.0,0.0,0.0,800.0
38,control,D,P12,elmo,7,D16,tree2,fish1,pencil,0,0,1.0,0.0,0.0,0.0,0.0,0.0,0.0,0.0,0.0,0.0,0.0,0.0,0.0,133.3,0.0
39,ambiguous,D,P12,elmo,8,D3,book2,book1,apple,1,1,0.0,1.0,0.0,0.0,1.0,0.0,0.0,1.0,0.0,0.0,0.0,0.0,200.0,266.6,733.2
40,ambiguous,D,P12,elmo,9,D4,bus2,bus1,torch,1,1,0.0,0.0,0.0,0.0,0.0,0.0,0.0,0.0,0.0,0.0,0.0,0.0,0.0,0.0,0.0
41,ambiguous,D,P12,elmo,10,D1,bike2,bike1,candle,1,1,0.0,0.0,0.0,0.0,0.0,0.0,0.0,0.0,0.0,0.0,0.0,0.0,1000.0,0.0,0.0
42,control,D,P12,elmo,11,D15,toothbrush2,tree1,door,0,0,0.0,0.0,0.0,0.0,0.0,0.0,0.0,0.0,0.0,0.0,0.0,0.0,966.5999999999999,0.0,0.0
43,ambiguous,D,P12,elmo,12,D8,dog2,dog1,rainbow,1,1,1.0,0.0,0.0,0.0,0.0,0.0,0.0,0.0,0.0,0.0,0.0,0.0,466.7,333.4,0.0
44,control,D,P12,elmo,13,D9,fish2,flower1,playdoh,0,0,0.0,0.0,0.0,0.0,0.0,0.0,0.0,0.0,0.0,0.0,0.0,0.0,433.1,0.0,0.0
45,ambiguous,D,P12,elmo,14,D7,chair2,chair1,kangaroo,1,1,0.0,0.0,0.0,0.0,0.0,0.0,0.0,0.0,0.0,0.0,0.0,0.0,0.0,0.0,1066.6
46,control,D,P12,elmo,15,D13,shoe2,spoon1,paintbrush,1,0,0.0,0.0,0.0,0.0,0.0,0.0,0.0,0.0,0.0,0.0,0.0,0.0,1033.2,0.0,0.0
47,control,D,P12,elmo,16,D10,flower2,cup1,cane,1,1,0.0,0.0,0.0,0.0,1.0,0.0,0.0,0.0,0.0,0.0,0.0,0.0,0.0,600.1,133.3
48,control,A,P38,elmo,1,A13,car1,cat2,dolphin,1,0,0.0,0.0,0.0,0.0,0.0,0.0,0.0,0.0,0.0,0.0,0.0,0.0,566.6,0.0,0.0
49,ambiguous,A,P38,elmo,2,A7,toothbrush1,toothbrush2,door,1,1,0.0,0.0,0.0,0.0,0.0,0.0,0.0,0.0,1.0,0.0,0.0,0.0,1033.1999999999998,0.0,0.0
50,ambiguous,A,P38,elmo,3,A5,shoe1,shoe2,paintbrush,0,1,0.0,0.0,0.0,0.0,0.0,0.0,0.0,0.0,0.0,0.0,0.0,0.0,1099.9,0.0,0.0
51,ambiguous,A,P38,elmo,4,A8,flower1,tree2,pencil,1,1,0.0,1.0,0.0,0.0,0.0,0.0,0.0,0.0,0.0,0.0,0.0,0.0,900.0999999999999,0.0,366.5
52,control,A,P38,elmo,5,A12,bus1,car2,flashlight,1,1,0.0,0.0,0.0,0.0,0.0,0.0,0.0,0.0,0.0,0.0,0.0,0.0,966.8000000000001,0.0,0.0
53,control,A,P38,elmo,6,A10,book1,bus2,apple,1,1,0.0,0.0,0.0,0.0,0.0,0.0,0.0,0.0,0.0,0.0,0.0,0.0,0.0,0.0,1066.5
54,control,A,P38,elmo,7,A14,cat1,chair2,hairbrush,1,1,0.0,1.0,0.0,0.0,0.0,0.0,0.0,0.0,0.0,0.0,0.0,0.0,566.5999999999999,0.0,233.4
55,control,A,P38,elmo,8,A11,book2,bird1,playground,1,1,1.0,0.0,0.0,0.0,0.0,0.0,0.0,0.0,0.0,0.0,0.0,0.0,166.7,899.9000000000001,0.0
56,control,A,P38,elmo,9,A9,bike1,bird2,candle,1,1,0.0,0.0,1.0,0.0,0.0,0.0,0.0,0.0,0.0,1.0,0.0,0.0,566.5999999999999,233.3,0.0
57,control,A,P38,elmo,10,A15,chair1,dog2,kangaroo,1,1,0.0,0.0,0.0,0.0,0.0,0.0,0.0,0.0,0.0,0.0,0.0,0.0,466.6,0.0,0.0
58,ambiguous,A,P38,elmo,11,A2,flower2,flower1,cane,1,1,0.0,0.0,0.0,0.0,0.0,0.0,0.0,0.0,0.0,0.0,0.0,0.0,0.0,1201.7,0.0
59,ambiguous,A,P38,elmo,12,A4,cup1,cup2,dress,1,1,1.0,0.0,0.0,0.0,0.0,0.0,0.0,0.0,0.0,0.0,0.0,0.0,666.5,100.1,0.0
60,ambiguous,A,P38,elmo,13,A3,clock1,clock2,cake,1,1,1.0,0.0,0.0,0.0,1.0,0.0,0.0,0.0,0.0,0.0,0.0,0.0,233.4,533.3,133.5
61,control,A,P38,elmo,14,A16,dog1,bike2,rainbow,1,1,0.0,0.0,0.0,0.0,0.0,0.0,0.0,0.0,0.0,0.0,0.0,0.0,499.9,0.0,0.0
62,ambiguous,A,P38,elmo,15,A6,spoon1,spoon2,comb,1,1,0.0,0.0,0.0,0.0,0.0,0.0,0.0,0.0,0.0,0.0,0.0,0.0,866.7,0.0,0.0
63,ambiguous,A,P38,elmo,16,A1,fish1,fish2,playdoh,1,1,0.0,0.0,0.0,0.0,1.0,0.0,0.0,0.0,0.0,0.0,0.0,0.0,0.0,833.3,266.6
64,ambiguous,B,P43,elmo,1,B8,tree2,flower1,pencil,1,1,1.0,0.0,0.0,0.0,0.0,0.0,0.0,0.0,0.0,0.0,0.0,0.0,633.1,167.5,0.0
65,control,B,P43,elmo,2,B12,bus2,car1,flashlight,1,1,0.0,0.0,0.0,0.0,0.0,0.0,0.0,1.0,0.0,0.0,0.0,0.0,0.0,699.9,366.5
66,control,B,P43,elmo,3,B16,dog2,bike1,rainbow,1,1,0.0,1.0,0.0,0.0,0.0,0.0,0.0,0.0,0.0,0.0,0.0,0.0,566.7,0.0,233.3
67,ambiguous,B,P43,elmo,4,B6,spoon2,spoon1,comb,0,0,0.0,0.0,0.0,0.0,0.0,0.0,0.0,0.0,0.0,0.0,0.0,0.0,1100.2,0.0,0.0
68,ambiguous,B,P43,elmo,5,B3,clock2,clock1,cake,1,1,0.0,0.0,0.0,0.0,0.0,0.0,0.0,0.0,0.0,0.0,1.0,0.0,0.0,0.0,666.9
69,control,B,P43,elmo,6,B11,book2,bus1,apple,1,1,0.0,0.0,0.0,0.0,0.0,0.0,0.0,1.0,0.0,0.0,1.0,0.0,0.0,300.0,333.3
70,control,B,P43,elmo,7,B10,bird2,book1,playground,0,1,0.0,0.0,2.0,0.0,0.0,0.0,0.0,0.0,1.0,0.0,0.0,0.0,599.8000000000001,0.0,0.0
71,control,B,P43,elmo,8,B14,cat2,chair1,hairbrush,0,1,0.0,0.0,0.0,0.0,0.0,0.0,0.0,1.0,0.0,0.0,0.0,0.0,0.0,366.6,599.9000000000001
72,ambiguous,B,P43,elmo,9,B5,shoe2,shoe1,paintbrush,1,1,0.0,0.0,1.0,0.0,0.0,0.0,0.0,0.0,0.0,0.0,0.0,0.0,366.4,0.0,0.0
73,ambiguous,B,P43,elmo,10,B4,cup2,cup1,dress,1,1,0.0,0.0,0.0,0.0,0.0,0.0,0.0,0.0,0.0,0.0,0.0,0.0,0.0,1066.5,0.0
74,ambiguous,B,P43,elmo,11,B1,fish2,fish1,playdoh,1,1,0.0,0.0,0.0,0.0,0.0,0.0,0.0,0.0,0.0,0.0,0.0,0.0,299.9,0.0,0.0
75,control,B,P43,elmo,12,B15,chair2,dog1,kangaroo,1,1,0.0,0.0,0.0,0.0,0.0,0.0,0.0,0.0,0.0,0.0,0.0,0.0,0.0,0.0,0.0
76,control,B,P43,elmo,13,B13,car2,cat1,dolphin,1,1,0.0,0.0,1.0,0.0,0.0,0.0,0.0,0.0,0.0,0.0,1.0,0.0,433.3,0.0,499.3
77,control,B,P43,elmo,14,B9,bike2,bird1,candle,1,1,0.0,0.0,0.0,0.0,0.0,0.0,0.0,0.0,0.0,0.0,0.0,0.0,0.0,166.6,0.0
78,ambiguous,B,P43,elmo,15,B7,toothbrush2,toothbrush1,door,1,1,1.0,0.0,0.0,0.0,0.0,0.0,0.0,0.0,0.0,0.0,0.0,0.0,533.4000000000001,433.20000000000005,0.0
79,ambiguous,B,P43,elmo,16,B2,flower2,flower1,cane,1,1,0.0,0.0,0.0,0.0,0.0,0.0,0.0,0.0,0.0,0.0,0.0,0.0,1166.6000000000001,0.0,0.0
80,control,B,P26,elmo,1,B14,cat2,chair1,hairbrush,0,0,0.0,0.0,0.0,0.0,0.0,0.0,1.0,0.0,0.0,0.0,0.0,0.0,366.5,0.0,300.0
81,ambiguous,B,P26,elmo,2,B2,flower2,flower1,cane,0,0,0.0,0.0,0.0,0.0,0.0,0.0,0.0,0.0,0.0,0.0,0.0,0.0,466.6,0.0,0.0
82,ambiguous,B,P26,elmo,3,B5,shoe2,shoe1,paintbrush,1,1,0.0,0.0,0.0,0.0,0.0,0.0,0.0,0.0,0.0,0.0,0.0,0.0,0.0,866.1999999999999,0.0
83,control,B,P26,elmo,4,B12,bus2,car1,flashlight,0,0,0.0,0.0,0.0,0.0,0.0,0.0,0.0,0.0,0.0,0.0,0.0,0.0,0.0,1166.5,0.0
84,control,B,P26,elmo,5,B10,bird2,book1,playground,0,0,0.0,0.0,0.0,0.0,0.0,0.0,0.0,0.0,0.0,0.0,0.0,0.0,1200.0,0.0,0.0
85,control,B,P26,elmo,6,B13,car2,cat1,dolphin,0,0,0.0,0.0,0.0,0.0,0.0,0.0,0.0,0.0,0.0,0.0,0.0,0.0,0.0,0.0,0.0
86,ambiguous,B,P26,elmo,7,B8,tree2,tree1,pencil,0,0,0.0,0.0,0.0,1.0,0.0,0.0,0.0,0.0,0.0,0.0,0.0,0.0,566.8,466.6,0.0
87,control,B,P26,elmo,8,B16,dog2,bike1,rainbow,0,0,0.0,0.0,0.0,0.0,0.0,0.0,0.0,0.0,1.0,0.0,0.0,0.0,633.0,0.0,0.0
88,ambiguous,B,P26,elmo,9,B1,fish2,fish1,playdoh,0,0,1.0,0.0,0.0,0.0,1.0,0.0,0.0,0.0,0.0,0.0,0.0,0.0,299.9,666.5999999999999,133.4
89,ambiguous,B,P26,elmo,10,B3,clock2,clock1,cake,0,0,0.0,0.0,0.0,0.0,0.0,0.0,1.0,0.0,0.0,0.0,0.0,0.0,600.0,0.0,100.0
90,ambiguous,B,P26,elmo,11,B7,toothbrush2,toothbrush1,door,0,0,0.0,0.0,0.0,0.0,0.0,0.0,0.0,0.0,0.0,0.0,0.0,0.0,1199.8000000000002,0.0,0.0
91,ambiguous,B,P26,elmo,12,B6,spoon2,spoon1,comb,0,0,1.0,0.0,0.0,0.0,0.0,0.0,0.0,0.0,0.0,0.0,0.0,0.0,166.6,900.1,0.0
92,control,B,P26,elmo,13,B9,bike2,bird1,candle,0,0,0.0,0.0,0.0,0.0,0.0,0.0,0.0,0.0,0.0,0.0,0.0,0.0,267.3,0.0,0.0
93,ambiguous,B,P26,elmo,14,B4,cup2,cup1,dress,0,0,0.0,0.0,0.0,0.0,0.0,0.0,0.0,0.0,0.0,0.0,0.0,0.0,1066.5,0.0,0.0
94,control,B,P26,elmo,15,B11,book2,bus1,apple,0,0,0.0,0.0,0.0,0.0,0.0,0.0,0.0,0.0,0.0,0.0,0.0,0.0,1000.0,0.0,0.0
95,control,B,P26,elmo,16,B15,chair2,dog1,kangaroo,0,0,0.0,1.0,0.0,0.0,0.0,0.0,0.0,0.0,0.0,0.0,0.0,0.0,133.3,0.0,366.6
96,ambiguous,B,P10,elmo,1,B4,cup2,cup1,dress,0,0,0.0,0.0,0.0,0.0,0.0,0.0,1.0,0.0,0.0,0.0,0.0,0.0,633.2,0.0,300.0
97,control,B,P10,elmo,2,B10,bird2,book1,playground,0,0,0.0,0.0,0.0,0.0,0.0,0.0,0.0,0.0,0.0,0.0,0.0,0.0,333.2,0.0,0.0
98,control,B,P10,elmo,3,B15,chair2,dog1,kangaroo,0,0,1.0,0.0,0.0,0.0,0.0,0.0,0.0,0.0,0.0,0.0,0.0,0.0,566.6,400.0,0.0
99,control,B,P10,elmo,4,B13,car2,cat1,dolphin,0,0,1.0,0.0,0.0,0.0,0.0,0.0,0.0,0.0,1.0,0.0,0.0,0.0,333.2,633.3,0.0
100,control,B,P10,elmo,5,B16,dog2,bike1,rainbow,0,0,0.0,0.0,0.0,0.0,0.0,0.0,0.0,0.0,0.0,0.0,0.0,0.0,1032.1000000000001,0.0,0.0
101,ambiguous,B,P10,elmo,6,B2,flower2,flower1,cane,0,0,0.0,0.0,0.0,1.0,0.0,0.0,0.0,0.0,0.0,0.0,0.0,0.0,466.5,699.9000000000001,0.0
102,ambiguous,B,P10,elmo,7,B6,spoon2,spoon1,comb,0,0,0.0,0.0,0.0,0.0,0.0,0.0,0.0,0.0,0.0,0.0,0.0,0.0,0.0,0.0,0.0
103,ambiguous,B,P10,elmo,8,B3,clock2,clock1,cake,0,0,0.0,0.0,0.0,0.0,0.0,0.0,0.0,0.0,0.0,0.0,0.0,0.0,1066.5,0.0,0.0
104,ambiguous,B,P10,elmo,9,B5,shoe2,shoe1,paintbrush,0,0,0.0,0.0,0.0,0.0,0.0,0.0,0.0,0.0,0.0,0.0,0.0,0.0,1399.8000000000002,0.0,0.0
105,control,B,P10,elmo,10,B9,bike2,bird1,candle,0,0,0.0,0.0,0.0,0.0,0.0,0.0,0.0,0.0,0.0,0.0,0.0,0.0,866.7,0.0,0.0
106,ambiguous,B,P10,elmo,11,B8,tree2,flower1,pencil,0,0,0.0,0.0,0.0,0.0,0.0,0.0,0.0,0.0,0.0,0.0,0.0,0.0,0.0,0.0,0.0
107,ambiguous,B,P10,elmo,12,B7,toothbrush2,toothbrush1,door,0,0,0.0,0.0,0.0,0.0,0.0,0.0,0.0,0.0,0.0,0.0,0.0,0.0,0.0,0.0,0.0
108,control,B,P10,elmo,13,B12,bus2,car1,flashlight,0,0,0.0,0.0,0.0,0.0,0.0,0.0,0.0,0.0,0.0,0.0,0.0,0.0,533.3,0.0,0.0
109,ambiguous,B,P10,elmo,14,B1,fish2,fish1,playdoh,0,0,0.0,0.0,0.0,1.0,0.0,0.0,0.0,0.0,0.0,0.0,0.0,0.0,699.2,133.3,0.0
110,control,B,P10,elmo,15,B14,cat2,chair1,hairbrush,0,0,0.0,0.0,0.0,0.0,0.0,0.0,0.0,0.0,0.0,0.0,0.0,0.0,0.0,0.0,0.0
111,control,B,P10,elmo,16,B11,book2,bus1,apple,0,0,1.0,0.0,0.0,0.0,0.0,0.0,0.0,0.0,0.0,0.0,0.0,0.0,0.0,233.20000000000002,0.0
112,ambiguous,C,P03,elmo,1,C5,car1,car2,dolphin,0,0,0.0,0.0,0.0,0.0,0.0,0.0,0.0,0.0,0.0,0.0,0.0,0.0,933.2,0.0,0.0
113,ambiguous,C,P03,elmo,2,C6,cat1,cat2,brush,0,0,0.0,0.0,0.0,0.0,0.0,0.0,0.0,0.0,0.0,0.0,0.0,0.0,0.0,0.0,0.0
114,control,C,P03,elmo,3,C11,cup1,clock2,cake,0,0,0.0,0.0,0.0,0.0,0.0,0.0,0.0,0.0,0.0,0.0,0.0,0.0,766.5999999999999,0.0,0.0
115,control,C,P03,elmo,4,C15,toothbrush1,tree2,door,0,0,0.0,0.0,0.0,0.0,0.0,0.0,0.0,0.0,0.0,0.0,0.0,0.0,0.0,0.0,0.0
116,control,C,P03,elmo,5,C13,shoe1,spoon2,paintbrush,0,0,0.0,0.0,0.0,0.0,0.0,0.0,0.0,0.0,0.0,0.0,0.0,0.0,766.5999999999999,0.0,0.0
117,ambiguous,C,P03,elmo,6,C7,chair1,chair2,kangaroo,0,0,1.0,0.0,0.0,0.0,0.0,0.0,0.0,0.0,0.0,0.0,0.0,0.0,400.0,433.3,0.0
118,ambiguous,C,P03,elmo,7,C4,bus1,bus2,torch,0,0,0.0,0.0,0.0,1.0,0.0,0.0,0.0,0.0,0.0,0.0,0.0,0.0,233.5,833.3,0.0
119,control,C,P03,elmo,8,C16,tree1,fish2,pencil,0,0,0.0,0.0,1.0,0.0,0.0,0.0,1.0,0.0,0.0,0.0,1.0,0.0,233.3,0.0,133.3
120,control,C,P03,elmo,9,C12,clock1,shoe2,dress,0,1,0.0,0.0,0.0,0.0,0.0,0.0,0.0,0.0,0.0,0.0,0.0,0.0,433.4,0.0,0.0
121,ambiguous,C,P03,elmo,10,C8,dog1,dog2,rainbow,0,0,0.0,0.0,0.0,0.0,0.0,0.0,0.0,0.0,0.0,0.0,1.0,0.0,0.0,0.0,1066.4
122,control,C,P03,elmo,11,C9,fish1,flower2,playdoh,0,0,0.0,0.0,0.0,0.0,0.0,0.0,0.0,0.0,0.0,0.0,0.0,0.0,1366.8,0.0,0.0
123,control,C,P03,elmo,12,C10,flower1,cup2,cane,0,0,0.0,0.0,0.0,0.0,0.0,0.0,0.0,0.0,0.0,0.0,0.0,0.0,200.0,0.0,0.0
124,ambiguous,C,P03,elmo,13,C2,bird1,bird2,playground,0,0,0.0,0.0,0.0,0.0,0.0,0.0,0.0,0.0,0.0,0.0,0.0,0.0,300.0,0.0,0.0
125,ambiguous,C,P03,elmo,14,C3,book1,book2,apple,0,0,0.0,0.0,0.0,1.0,0.0,0.0,0.0,0.0,0.0,0.0,0.0,0.0,566.5,366.5,0.0
126,control,C,P03,elmo,15,C14,spoon1,toothbrush2,comb,0,0,0.0,0.0,0.0,0.0,0.0,0.0,0.0,0.0,0.0,0.0,0.0,0.0,0.0,0.0,633.6
127,ambiguous,C,P03,elmo,16,C1,bike1,bike2,candle,0,0,0.0,0.0,0.0,0.0,0.0,0.0,0.0,1.0,0.0,0.0,0.0,0.0,0.0,366.8,0.0
128,control,C,P27,elmo,1,C13,shoe1,spoon2,paintbrush,1,0,0.0,0.0,0.0,0.0,0.0,0.0,0.0,0.0,0.0,0.0,0.0,0.0,1099.9,0.0,0.0
129,control,C,P27,elmo,2,C12,clock1,shoe2,dress,0,1,0.0,0.0,0.0,0.0,0.0,0.0,0.0,0.0,0.0,0.0,0.0,0.0,1166.7,0.0,0.0
130,control,C,P27,elmo,3,C16,tree1,fish2,pencil,0,0,0.0,0.0,0.0,0.0,0.0,0.0,0.0,0.0,0.0,0.0,0.0,0.0,500.0,0.0,0.0
131,ambiguous,C,P27,elmo,4,C1,bike1,bike2,candle,1,1,0.0,0.0,0.0,0.0,0.0,0.0,0.0,0.0,0.0,0.0,0.0,0.0,933.0,0.0,0.0
132,control,C,P27,elmo,5,C11,cup1,clock2,cake,0,0,0.0,0.0,0.0,0.0,0.0,0.0,0.0,0.0,0.0,0.0,0.0,0.0,800.1,0.0,0.0
133,control,C,P27,elmo,6,C9,fish1,flower2,playdoh,0,0,0.0,0.0,0.0,0.0,0.0,0.0,0.0,0.0,0.0,0.0,0.0,0.0,466.8,0.0,0.0
134,ambiguous,C,P27,elmo,7,C3,book1,book2,apple,1,1,0.0,0.0,0.0,0.0,0.0,0.0,0.0,0.0,0.0,0.0,0.0,0.0,0.0,0.0,0.0
135,ambiguous,C,P27,elmo,8,C2,bird1,bird2,playground,1,1,1.0,0.0,0.0,0.0,0.0,0.0,0.0,0.0,0.0,0.0,0.0,0.0,0.0,333.2,0.0
136,ambiguous,C,P27,elmo,9,C4,bus1,bus2,torch,1,1,0.0,0.0,0.0,1.0,0.0,0.0,0.0,0.0,0.0,0.0,0.0,0.0,466.6,0.0,0.0
137,ambiguous,C,P27,elmo,10,C6,cat1,cat2,brush,1,1,0.0,0.0,0.0,0.0,0.0,0.0,0.0,0.0,0.0,0.0,0.0,0.0,0.0,566.4,0.0
138,ambiguous,C,P27,elmo,11,C7,chair1,chair2,kangaroo,1,1,0.0,0.0,0.0,0.0,0.0,0.0,0.0,0.0,0.0,0.0,0.0,0.0,0.0,0.0,899.9
139,ambiguous,C,P27,elmo,12,C8,dog1,dog2,kangaroo,1,1,0.0,0.0,0.0,0.0,0.0,0.0,0.0,0.0,0.0,0.0,0.0,0.0,666.7,0.0,0.0
140,control,C,P27,elmo,13,C10,flower1,cup2,cane,0,0,0.0,0.0,0.0,0.0,0.0,0.0,0.0,0.0,0.0,0.0,0.0,0.0,366.5,0.0,0.0
141,control,C,P27,elmo,14,C15,toothbrush1,tree2,door,0,0,0.0,1.0,0.0,0.0,0.0,0.0,0.0,0.0,0.0,0.0,0.0,0.0,400.0,0.0,800.0
142,ambiguous,C,P27,elmo,15,C5,car1,car2,dolphin,1,1,1.0,0.0,0.0,0.0,0.0,0.0,0.0,0.0,0.0,0.0,0.0,0.0,666.6,633.2,0.0
143,control,C,P27,elmo,16,C14,spoon1,toothbrush2,comb,1,1,0.0,0.0,0.0,0.0,0.0,0.0,0.0,0.0,0.0,0.0,0.0,0.0,266.6,0.0,0.0
144,ambiguous,C,P40,elmo,1,C4,bus1,bus2,torch,0,0,0.0,0.0,0.0,0.0,0.0,0.0,0.0,0.0,0.0,0.0,0.0,0.0,1366.6,0.0,0.0
145,control,C,P40,elmo,2,C16,tree1,fish2,pencil,0,0,0.0,0.0,0.0,0.0,0.0,0.0,0.0,0.0,0.0,0.0,0.0,0.0,600.0,0.0,0.0
146,ambiguous,C,P40,elmo,3,C3,book1,book2,apple,0,0,0.0,0.0,0.0,0.0,0.0,0.0,0.0,0.0,0.0,0.0,0.0,0.0,1366.7,0.0,0.0
147,control,C,P40,elmo,4,C9,fish1,flower2,playdoh,0,0,0.0,0.0,0.0,1.0,0.0,0.0,0.0,0.0,0.0,0.0,0.0,0.0,366.4,400.0,0.0
148,ambiguous,C,P40,elmo,5,C7,chair1,chair2,kangaroo,0,0,1.0,0.0,0.0,0.0,0.0,0.0,0.0,0.0,0.0,0.0,0.0,0.0,0.0,466.7,0.0
149,control,C,P40,elmo,6,C11,cup1,clock2,cake,0,0,0.0,0.0,0.0,0.0,0.0,0.0,0.0,0.0,0.0,0.0,0.0,0.0,1199.9,0.0,0.0
150,control,C,P40,elmo,7,C14,spoon1,toothbrush2,comb,0,0,0.0,1.0,0.0,0.0,0.0,0.0,0.0,0.0,0.0,0.0,0.0,0.0,566.5,0.0,400.0
151,ambiguous,C,P40,elmo,8,C6,cat1,cat2,brush,0,0,0.0,0.0,0.0,0.0,0.0,0.0,0.0,0.0,0.0,0.0,0.0,0.0,599.9000000000001,0.0,0.0
152,ambiguous,C,P40,elmo,9,C1,bike1,bike2,candle,0,0,0.0,0.0,0.0,0.0,0.0,0.0,0.0,0.0,0.0,0.0,0.0,0.0,0.0,766.5999999999999,0.0
153,ambiguous,C,P40,elmo,10,C8,dog1,dog2,rainbow,0,0,0.0,0.0,0.0,0.0,0.0,0.0,0.0,0.0,0.0,0.0,0.0,0.0,399.9,0.0,0.0
154,control,C,P40,elmo,11,C15,toothbrush1,tree2,door,0,0,0.0,0.0,0.0,0.0,0.0,0.0,0.0,0.0,0.0,0.0,0.0,0.0,0.0,0.0,1200.3
155,control,C,P40,elmo,12,C13,shoe1,spoon2,paintbrush,0,0,0.0,0.0,0.0,0.0,0.0,0.0,0.0,0.0,0.0,0.0,0.0,0.0,899.7,0.0,0.0
156,control,C,P40,elmo,13,C12,clock1,shoe2,dress,0,0,0.0,0.0,0.0,0.0,0.0,0.0,0.0,0.0,0.0,0.0,0.0,0.0,1033.1,0.0,0.0
157,ambiguous,C,P40,elmo,14,C2,bird1,bird2,playground,0,0,0.0,0.0,0.0,1.0,0.0,0.0,0.0,0.0,0.0,0.0,0.0,0.0,266.6,799.7,0.0
158,ambiguous,C,P40,elmo,15,C5,car1,car2,dolphin,0,0,0.0,0.0,0.0,0.0,1.0,0.0,0.0,0.0,0.0,0.0,0.0,0.0,0.0,699.7,299.8
159,control,C,P40,elmo,16,C10,flower1,cup2,cane,0,0,0.0,0.0,0.0,0.0,0.0,0.0,0.0,0.0,0.0,0.0,0.0,0.0,966.5,0.0,0.0
160,ambiguous,A,P13,elmo,1,A1,fish1,fish2,playdoh,1,1,1.0,0.0,0.0,1.0,0.0,0.0,0.0,0.0,0.0,0.0,0.0,0.0,300.1,233.3,0.0
161,ambiguous,A,P13,elmo,2,A3,clock1,clock2,cake,1,1,0.0,1.0,1.0,0.0,0.0,0.0,0.0,0.0,1.0,0.0,0.0,0.0,333.0,0.0,167.8
162,ambiguous,A,P13,elmo,3,A6,spoon1,spoon2,comb,1,1,0.0,0.0,0.0,0.0,0.0,0.0,0.0,0.0,0.0,0.0,0.0,0.0,400.0,0.0,0.0
163,ambiguous,A,P13,elmo,4,A8,flower1,tree2,pencl,1,1,1.0,0.0,0.0,1.0,0.0,0.0,0.0,0.0,0.0,0.0,0.0,0.0,133.3,100.0,0.0
164,control,A,P13,elmo,5,A14,cat1,chair2,hairbrush,0,1,0.0,0.0,0.0,0.0,0.0,0.0,0.0,0.0,0.0,0.0,0.0,0.0,566.4,0.0,0.0
165,control,A,P13,elmo,6,A16,dog1,bike2,rainbow,0,0,0.0,0.0,0.0,0.0,0.0,0.0,0.0,0.0,0.0,0.0,0.0,0.0,1066.6,0.0,0.0
166,ambiguous,A,P13,elmo,7,A7,toothbrush1,toothbrush2,door,1,1,0.0,0.0,0.0,0.0,0.0,0.0,1.0,0.0,0.0,0.0,0.0,0.0,333.4,0.0,433.3
167,ambiguous,A,P13,elmo,8,A4,cup1,cup2,dress,1,1,0.0,0.0,0.0,0.0,0.0,0.0,1.0,0.0,0.0,0.0,0.0,0.0,166.7,0.0,466.6
168,control,A,P13,elmo,9,A11,book2,bird1,playground,1,1,0.0,0.0,0.0,0.0,0.0,0.0,1.0,0.0,0.0,0.0,0.0,0.0,299.9,0.0,366.70000000000005
169,control,A,P13,elmo,10,A9,bike1,bird2,candle,1,1,0.0,0.0,0.0,0.0,0.0,0.0,0.0,0.0,0.0,0.0,0.0,0.0,1200.2,0.0,0.0
170,control,A,P13,elmo,11,A10,book1,bus2,apple,1,1,0.0,0.0,0.0,0.0,0.0,0.0,0.0,0.0,0.0,0.0,0.0,0.0,866.5,0.0,0.0
171,ambiguous,A,P13,elmo,12,A2,flower2,flower1,cane,1,1,0.0,0.0,0.0,0.0,0.0,0.0,0.0,0.0,0.0,0.0,0.0,0.0,1033.2,0.0,0.0
172,control,A,P13,elmo,13,A12,bus1,car2,flashlight,1,1,0.0,0.0,0.0,0.0,0.0,0.0,0.0,0.0,0.0,0.0,0.0,0.0,100.1,0.0,0.0
173,control,A,P13,elmo,14,A15,chair1,dog2,kangaroo,1,0,0.0,0.0,0.0,0.0,0.0,0.0,0.0,0.0,0.0,0.0,0.0,0.0,0.0,0.0,0.0
174,ambiguous,A,P13,elmo,15,A5,shoe1,shoe2,paintbrush,1,1,0.0,0.0,0.0,0.0,0.0,0.0,0.0,0.0,1.0,0.0,0.0,0.0,333.2,0.0,0.0
175,control,A,P13,elmo,16,A13,car1,cat2,dolphin,1,0,0.0,0.0,0.0,0.0,0.0,0.0,0.0,0.0,0.0,0.0,0.0,0.0,100.0,0.0,0.0
176,control,D,P14,elmo,1,D13,shoe2,spoon1,paintbrush,1,1,0.0,0.0,0.0,0.0,0.0,0.0,0.0,0.0,0.0,0.0,0.0,0.0,399.8,0.0,0.0
177,ambiguous,D,P14,elmo,2,D4,bus2,bus1,torch,1,1,0.0,0.0,0.0,1.0,0.0,0.0,0.0,0.0,0.0,0.0,0.0,0.0,433.2,0.0,0.0
178,control,D,P14,elmo,3,D10,flower2,cup1,cane,1,1,0.0,0.0,0.0,0.0,0.0,0.0,0.0,0.0,0.0,0.0,0.0,0.0,1133.5,0.0,0.0
179,control,D,P14,elmo,4,D11,cup2,clock1,cake,1,1,1.0,0.0,0.0,0.0,0.0,0.0,0.0,0.0,0.0,0.0,0.0,0.0,0.0,100.0,0.0
180,ambiguous,D,P14,elmo,5,D6,cat2,cat1,brush,1,1,0.0,0.0,0.0,0.0,0.0,0.0,0.0,0.0,0.0,0.0,0.0,0.0,766.6,0.0,0.0
181,ambiguous,D,P14,elmo,6,D5,car2,car1,dolphin,1,1,0.0,0.0,0.0,0.0,0.0,0.0,0.0,0.0,0.0,0.0,0.0,0.0,0.0,0.0,733.1
182,ambiguous,D,P14,elmo,7,D2,bird2,bird1,playground,1,1,0.0,0.0,0.0,0.0,1.0,0.0,0.0,0.0,0.0,0.0,0.0,0.0,0.0,0.0,200.1
183,control,D,P14,elmo,8,D16,tree2,fish1,pencil,1,1,0.0,0.0,0.0,0.0,0.0,0.0,0.0,0.0,0.0,0.0,0.0,0.0,0.0,0.0,0.0
184,ambiguous,D,P14,elmo,9,D1,bike2,bike1,candle,1,1,0.0,0.0,0.0,0.0,1.0,0.0,0.0,0.0,0.0,0.0,0.0,0.0,0.0,166.9,166.6
185,control,D,P14,elmo,10,D14,spoon2,toothbrush1,comb,1,1,0.0,1.0,0.0,0.0,0.0,0.0,0.0,0.0,0.0,0.0,0.0,0.0,0.0,0.0,100.0
186,ambiguous,D,P14,elmo,11,D8,dog2,dog1,rainbow,1,1,1.0,0.0,0.0,0.0,0.0,0.0,0.0,0.0,0.0,0.0,0.0,0.0,166.7,799.8,0.0
187,control,D,P14,elmo,12,D9,fish2,flower1,playdoh,1,1,2.0,0.0,0.0,1.0,0.0,0.0,0.0,0.0,0.0,0.0,0.0,0.0,500.5,699.9,0.0
188,ambiguous,D,P14,elmo,13,D3,book2,book1,apple,1,1,0.0,0.0,0.0,0.0,0.0,0.0,0.0,0.0,0.0,0.0,0.0,0.0,0.0,0.0,0.0
189,ambiguous,D,P14,elmo,14,D7,chair2,chair1,kangaroo,1,1,0.0,0.0,0.0,0.0,0.0,0.0,0.0,0.0,0.0,0.0,0.0,0.0,0.0,0.0,0.0
190,control,D,P14,elmo,15,D15,toothbrush2,tree1,door,1,0,0.0,0.0,0.0,0.0,0.0,0.0,0.0,0.0,0.0,0.0,0.0,0.0,0.0,0.0,0.0
191,control,D,P14,elmo,16,D12,clock2,shoe1,dress,0,1,0.0,0.0,0.0,0.0,0.0,0.0,0.0,0.0,0.0,0.0,0.0,0.0,0.0,0.0,0.0
192,ambiguous,A,P05,elmo,1,A6,spoon1,spoon2,comb,0,0,1.0,0.0,0.0,0.0,0.0,1.0,0.0,0.0,0.0,0.0,0.0,0.0,166.6,233.2,0.0
193,control,A,P05,elmo,2,A12,bus1,car2,flashlight,0,0,0.0,0.0,0.0,0.0,0.0,0.0,0.0,0.0,0.0,0.0,0.0,0.0,800.3,0.0,0.0
194,control,A,P05,elmo,3,A16,dog1,bike2,rainbow,0,0,0.0,0.0,1.0,1.0,0.0,0.0,0.0,0.0,1.0,0.0,0.0,0.0,599.8,266.8,0.0
195,control,A,P05,elmo,4,A10,book1,bus2,apple,0,0,0.0,0.0,0.0,0.0,0.0,0.0,0.0,0.0,0.0,0.0,0.0,0.0,1366.4,0.0,0.0
196,control,A,P05,elmo,5,A11,book2,bird1,playground,0,0,0.0,0.0,0.0,0.0,0.0,0.0,0.0,0.0,0.0,0.0,0.0,0.0,0.0,0.0,900.7
197,ambiguous,A,P05,elmo,6,A3,clock1,clock2,cake,0,0,0.0,0.0,0.0,0.0,1.0,0.0,0.0,0.0,0.0,0.0,0.0,0.0,0.0,0.0,300.0
198,control,A,P05,elmo,7,A9,bike1,bird2,candle,0,0,0.0,0.0,0.0,0.0,0.0,0.0,0.0,0.0,0.0,0.0,0.0,0.0,633.2,0.0,0.0
199,control,A,P05,elmo,8,A14,cat1,chair2,hairbrush,0,0,0.0,1.0,0.0,0.0,0.0,0.0,0.0,1.0,0.0,0.0,0.0,0.0,133.3,433.4,333.4
200,ambiguous,A,P05,elmo,9,A1,fish1,fish2,playdoh,0,0,0.0,0.0,0.0,0.0,1.0,0.0,0.0,0.0,0.0,0.0,0.0,0.0,0.0,1033.1000000000001,133.3
201,control,A,P05,elmo,10,A13,car1,cat2,dolphin,0,0,0.0,0.0,0.0,0.0,0.0,0.0,0.0,0.0,0.0,0.0,0.0,0.0,1200.0,0.0,0.0
202,ambiguous,A,P05,elmo,11,A4,cup1,cup2,dress,0,0,1.0,0.0,0.0,0.0,0.0,0.0,0.0,0.0,0.0,0.0,0.0,0.0,832.9,233.5,0.0
203,ambiguous,A,P05,elmo,12,A8,tree1,tree2,pencil,0,0,0.0,0.0,0.0,0.0,0.0,0.0,0.0,0.0,0.0,0.0,0.0,0.0,1033.4,0.0,0.0
204,ambiguous,A,P05,elmo,13,A2,flower2,flower1,cane,0,0,0.0,0.0,0.0,0.0,0.0,0.0,0.0,0.0,0.0,0.0,0.0,0.0,766.8,0.0,0.0
205,control,A,P05,elmo,14,A15,chair1,dog2,kangaroo,0,0,0.0,0.0,0.0,1.0,0.0,0.0,0.0,0.0,0.0,1.0,0.0,0.0,100.0,300.0,0.0
206,ambiguous,A,P05,elmo,15,A5,shoe1,shoe2,paintbrush,0,0,0.0,0.0,0.0,0.0,0.0,0.0,0.0,0.0,1.0,0.0,0.0,0.0,366.7,0.0,599.9
207,ambiguous,A,P05,elmo,16,A7,toothbrush1,toothbrush2,door,0,0,0.0,1.0,0.0,0.0,0.0,0.0,1.0,0.0,0.0,0.0,0.0,0.0,533.2,0.0,566.6
208,control,D,P36,elmo,1,D11,cup2,clock1,cake,None,0,0.0,0.0,0.0,0.0,0.0,0.0,0.0,0.0,0.0,0.0,0.0,0.0,0.0,0.0,766.5
209,ambiguous,D,P36,elmo,2,D3,book2,book1,apple,0,0,0.0,1.0,0.0,0.0,0.0,0.0,1.0,0.0,0.0,0.0,0.0,0.0,433.3,0.0,766.6
210,ambiguous,D,P36,elmo,3,D7,chair2,chair1,kangaroo,0,0,1.0,0.0,0.0,0.0,0.0,0.0,0.0,0.0,0.0,0.0,0.0,0.0,99.9,200.0,0.0
211,ambiguous,D,P36,elmo,4,D4,bus2,bus1,torch,0,1,0.0,0.0,0.0,0.0,0.0,0.0,0.0,0.0,0.0,0.0,0.0,0.0,0.0,400.1,0.0
212,ambiguous,D,P36,elmo,5,D1,bike2,bike1,candle,0,1,0.0,0.0,0.0,0.0,0.0,0.0,0.0,0.0,0.0,0.0,0.0,0.0,300.0,0.0,0.0
213,ambiguous,D,P36,elmo,6,D5,car2,car1,dolphin,0,0,0.0,0.0,0.0,0.0,0.0,0.0,0.0,0.0,0.0,0.0,0.0,0.0,366.6,0.0,0.0
214,ambiguous,D,P36,elmo,7,D6,cat2,cat1,brush,0,1,0.0,0.0,0.0,0.0,0.0,0.0,0.0,0.0,0.0,0.0,0.0,0.0,1333.4,0.0,0.0
215,control,D,P36,elmo,8,D10,flower2,cup1,cane,0,0,0.0,1.0,0.0,0.0,0.0,0.0,0.0,0.0,0.0,0.0,0.0,0.0,566.6,0.0,166.7
216,ambiguous,D,P36,elmo,9,D2,bird2,bird1,playground,0,1,0.0,0.0,0.0,0.0,0.0,0.0,0.0,0.0,0.0,0.0,0.0,0.0,734.8,0.0,0.0
217,control,D,P36,elmo,10,D16,tree2,fish1,pencil,0,1,1.0,0.0,0.0,1.0,0.0,0.0,0.0,0.0,0.0,0.0,0.0,0.0,533.2,700.1,0.0
218,control,D,P36,elmo,11,D13,shoe2,spoon1,paintbrush,0,0,0.0,1.0,0.0,0.0,0.0,0.0,0.0,0.0,0.0,0.0,0.0,0.0,466.5,0.0,267.2
219,control,D,P36,elmo,12,D12,clock2,shoe1,dress,0,0,1.0,0.0,0.0,0.0,0.0,0.0,0.0,0.0,0.0,0.0,0.0,0.0,100.0,465.70000000000005,0.0
220,control,D,P36,elmo,13,D15,toothbrush2,tree1,door,0,1,1.0,0.0,0.0,0.0,0.0,0.0,0.0,0.0,0.0,0.0,0.0,0.0,233.2,500.0,0.0
221,control,D,P36,elmo,14,D14,spoon2,toothbrush1,comb,0,0,0.0,0.0,0.0,0.0,0.0,0.0,0.0,0.0,0.0,0.0,0.0,0.0,266.5,0.0,0.0
222,ambiguous,D,P36,elmo,15,D8,dog2,dog1,rainbow,1,1,1.0,0.0,1.0,0.0,0.0,0.0,0.0,0.0,1.0,0.0,0.0,0.0,233.2,566.6,0.0
223,control,D,P36,elmo,16,D9,fish2,flower1,playdoh,0,0,0.0,0.0,0.0,0.0,0.0,0.0,0.0,0.0,0.0,0.0,0.0,0.0,466.6,0.0,0.0
224,control,C,P42,elmo,1,C13,shoe1,spoon2,paintbrush,0,0,0.0,0.0,0.0,0.0,0.0,0.0,0.0,0.0,0.0,0.0,0.0,0.0,498.1,0.0,0.0
225,ambiguous,C,P42,elmo,2,C4,bus1,bus2,torch,1,1,0.0,0.0,0.0,0.0,0.0,0.0,0.0,0.0,0.0,0.0,0.0,0.0,0.0,0.0,0.0
226,control,C,P42,elmo,3,C10,flower1,cup2,cane,0,0,0.0,0.0,0.0,0.0,0.0,0.0,0.0,0.0,0.0,0.0,0.0,0.0,0.0,0.0,0.0
227,ambiguous,C,P42,elmo,4,C1,bike1,bike2,candle,1,1,0.0,1.0,0.0,0.0,0.0,0.0,0.0,0.0,0.0,0.0,0.0,0.0,466.6,0.0,733.2
228,control,C,P42,elmo,5,C9,fish1,flower2,playdoh,1,1,0.0,0.0,0.0,0.0,1.0,0.0,0.0,0.0,0.0,1.0,0.0,0.0,0.0,400.1,433.3
229,ambiguous,C,P42,elmo,6,C8,dog1,dog2,rainbow,1,1,0.0,0.0,0.0,0.0,0.0,0.0,0.0,0.0,0.0,0.0,0.0,0.0,733.2,0.0,0.0
230,ambiguous,C,P42,elmo,7,C6,cat1,cat2,brush,1,None,0.0,0.0,0.0,0.0,0.0,0.0,0.0,0.0,0.0,0.0,0.0,0.0,0.0,0.0,0.0
231,ambiguous,C,P42,elmo,8,C2,bird1,bird2,playground,1,1,0.0,0.0,0.0,0.0,0.0,0.0,0.0,0.0,0.0,0.0,0.0,0.0,0.0,466.8,0.0
232,ambiguous,C,P42,elmo,9,C3,book1,book2,apple,1,1,0.0,0.0,0.0,0.0,0.0,0.0,1.0,0.0,0.0,0.0,0.0,0.0,599.9,0.0,566.6
233,ambiguous,C,P42,elmo,10,C7,chair1,chair2,kangaroo,1,1,0.0,0.0,0.0,0.0,0.0,0.0,0.0,0.0,0.0,0.0,0.0,0.0,0.0,0.0,0.0
234,control,C,P42,elmo,11,C14,spoon1,toothbrush2,comb,1,0,0.0,0.0,0.0,0.0,0.0,0.0,0.0,0.0,0.0,0.0,0.0,0.0,1199.9,0.0,0.0
235,control,C,P42,elmo,12,C16,tree1,fish2,pencil,1,1,0.0,0.0,0.0,0.0,0.0,0.0,0.0,0.0,0.0,0.0,0.0,0.0,0.0,133.3,0.0
236,control,C,P42,elmo,13,C11,cup1,clock2,cake,1,1,0.0,1.0,0.0,0.0,0.0,0.0,0.0,0.0,0.0,0.0,0.0,0.0,0.0,0.0,400.1
237,ambiguous,C,P42,elmo,14,C5,car1,car2,dolphin,1,1,0.0,0.0,0.0,0.0,0.0,0.0,0.0,0.0,0.0,1.0,0.0,0.0,0.0,466.70000000000005,0.0
238,control,C,P42,elmo,15,C12,clock1,shoe2,dress,1,1,0.0,0.0,0.0,0.0,0.0,0.0,0.0,0.0,0.0,0.0,0.0,0.0,0.0,0.0,0.0
239,control,C,P42,elmo,16,C15,toothbrush1,tree2,door,1,1,0.0,0.0,0.0,0.0,0.0,0.0,0.0,0.0,0.0,0.0,0.0,0.0,0.0,0.0,0.0
240,control,A,P20,elmo,1,A16,dog1,bike2,rainbow,0,0,0.0,0.0,0.0,0.0,0.0,0.0,0.0,0.0,0.0,0.0,0.0,0.0,366.8,0.0,0.0
241,control,A,P20,elmo,2,A15,chair1,dog2,kangaroo,0,0,0.0,0.0,0.0,0.0,0.0,0.0,0.0,0.0,0.0,0.0,0.0,0.0,100.0,0.0,0.0
242,control,A,P20,elmo,3,A9,bike1,bird2,candle,0,0,0.0,0.0,0.0,0.0,0.0,0.0,0.0,0.0,0.0,0.0,0.0,0.0,0.0,0.0,499.9
243,ambiguous,A,P20,elmo,4,A1,fish1,fish2,playdoh,0,0,0.0,0.0,0.0,1.0,0.0,0.0,0.0,0.0,0.0,0.0,0.0,0.0,566.4,500.0,0.0
244,ambiguous,A,P20,elmo,5,A7,toothbrush1,toothbrush2,door,0,0,0.0,0.0,0.0,0.0,0.0,0.0,0.0,0.0,0.0,0.0,0.0,0.0,0.0,799.8,0.0
245,control,A,P20,elmo,6,A12,bus1,car2,flashlight,0,0,0.0,0.0,0.0,0.0,0.0,0.0,0.0,0.0,0.0,0.0,0.0,0.0,433.3,0.0,0.0
246,control,A,P20,elmo,7,A10,book1,bus2,apple,0,0,0.0,0.0,0.0,0.0,0.0,0.0,0.0,0.0,0.0,0.0,0.0,0.0,0.0,0.0,0.0
247,ambiguous,A,P20,elmo,8,A3,clock1,clock2,cake,0,0,0.0,1.0,0.0,0.0,0.0,0.0,0.0,0.0,0.0,0.0,0.0,0.0,0.0,0.0,100.0
248,control,A,P20,elmo,9,A11,book2,bird1,playground,0,0,0.0,0.0,0.0,0.0,0.0,0.0,0.0,0.0,0.0,0.0,0.0,0.0,0.0,0.0,799.9
249,ambiguous,A,P20,elmo,10,A4,cup1,cup2,dress,0,1,0.0,0.0,0.0,0.0,1.0,0.0,0.0,0.0,0.0,0.0,0.0,0.0,0.0,699.9,233.3
250,control,A,P20,elmo,11,A14,cat1,chair2,hairbrush,0,0,0.0,1.0,0.0,0.0,0.0,0.0,0.0,0.0,0.0,0.0,0.0,0.0,733.3,0.0,465.9
251,control,A,P20,elmo,12,A13,car1,cat2,dolphin,0,0,1.0,0.0,0.0,0.0,0.0,0.0,0.0,0.0,0.0,0.0,0.0,0.0,966.6,100.0,0.0
252,ambiguous,A,P20,elmo,13,A2,flower2,flower1,cane,0,0,0.0,0.0,0.0,0.0,1.0,0.0,0.0,0.0,0.0,0.0,0.0,0.0,0.0,200.0,699.9000000000001
253,ambiguous,A,P20,elmo,14,A5,shoe1,shoe2,paintbrush,0,0,1.0,0.0,0.0,1.0,0.0,0.0,0.0,0.0,0.0,0.0,0.0,0.0,433.4,499.9,0.0
254,ambiguous,A,P20,elmo,15,A6,spoon1,spoon2,comb,0,0,0.0,0.0,0.0,0.0,0.0,0.0,0.0,0.0,0.0,0.0,0.0,0.0,0.0,266.6,0.0
255,ambiguous,A,P20,elmo,16,A8,flower1,tree2,pencil,0,0,1.0,0.0,0.0,0.0,0.0,0.0,0.0,0.0,0.0,0.0,0.0,0.0,233.4,333.3,0.0
256,control,D,P41,elmo,1,D16,tree2,fish1,pencil,0,0,0.0,0.0,0.0,0.0,0.0,0.0,0.0,0.0,0.0,0.0,0.0,0.0,500.0,0.0,0.0
257,control,D,P41,elmo,2,D15,toothbrush2,tree1,door,0,0,0.0,1.0,0.0,0.0,0.0,0.0,0.0,0.0,0.0,0.0,0.0,0.0,100.0,0.0,366.7
258,control,D,P41,elmo,3,D12,clock2,shoe1,dress,0,0,0.0,0.0,0.0,0.0,0.0,0.0,0.0,0.0,0.0,0.0,0.0,0.0,0.0,0.0,0.0
259,control,D,P41,elmo,4,D11,cup2,clock1,cake,0,0,0.0,0.0,0.0,0.0,0.0,0.0,0.0,0.0,0.0,0.0,0.0,0.0,300.0,0.0,0.0
260,ambiguous,D,P41,elmo,5,D8,dog2,dog1,rainbow,1,1,0.0,0.0,0.0,0.0,0.0,0.0,0.0,0.0,0.0,0.0,0.0,0.0,133.3,0.0,0.0
261,ambiguous,D,P41,elmo,6,D3,book2,book1,apple,1,1,0.0,0.0,0.0,0.0,0.0,0.0,0.0,0.0,0.0,0.0,0.0,0.0,300.0,0.0,0.0
262,ambiguous,D,P41,elmo,7,D6,cat2,cat1,brush,1,1,0.0,0.0,0.0,0.0,0.0,0.0,0.0,0.0,0.0,0.0,0.0,0.0,633.3,0.0,0.0
263,control,D,P41,elmo,8,D13,shoe2,spoon1,paintbrush,1,0,0.0,0.0,0.0,0.0,0.0,0.0,0.0,0.0,0.0,0.0,0.0,0.0,0.0,0.0,0.0
264,ambiguous,D,P41,elmo,9,D5,car2,car1,dolphin,1,1,0.0,0.0,0.0,0.0,0.0,0.0,0.0,0.0,0.0,0.0,0.0,0.0,866.5,0.0,0.0
265,ambiguous,D,P41,elmo,10,D2,bird2,bird1,playground,1,1,0.0,0.0,0.0,0.0,0.0,0.0,0.0,0.0,0.0,0.0,0.0,0.0,0.0,0.0,399.90000000000003
266,ambiguous,D,P41,elmo,11,D7,chair2,chair1,kangaroo,1,1,0.0,0.0,0.0,0.0,0.0,0.0,0.0,0.0,0.0,0.0,0.0,0.0,433.2,0.0,0.0
267,control,D,P41,elmo,12,D10,flower2,cup1,cane,0,0,0.0,0.0,0.0,0.0,0.0,0.0,0.0,0.0,0.0,0.0,0.0,0.0,566.6,0.0,0.0
268,control,D,P41,elmo,13,D14,spoon2,toothbrush1,comb,0,0,1.0,0.0,0.0,1.0,0.0,0.0,0.0,0.0,0.0,0.0,0.0,0.0,300.0,531.2,0.0
269,control,D,P41,elmo,14,D9,fish2,flower1,playdoh,0,0,0.0,0.0,0.0,0.0,0.0,0.0,0.0,0.0,0.0,0.0,0.0,0.0,0.0,433.3,0.0
270,ambiguous,D,P41,elmo,15,D4,bus2,bus1,torch,1,1,1.0,0.0,0.0,1.0,0.0,0.0,0.0,0.0,0.0,0.0,0.0,0.0,366.6,699.8,0.0
271,ambiguous,D,P41,elmo,16,D1,bike2,bike1,candle,1,1,0.0,0.0,0.0,0.0,0.0,0.0,0.0,0.0,0.0,0.0,0.0,0.0,0.0,1132.1999999999998,0.0
272,control,B,P18,elmo,1,B14,cat2,chair1,hairbrush,0,0,0.0,0.0,0.0,0.0,0.0,0.0,0.0,0.0,1.0,0.0,0.0,0.0,266.6,0.0,0.0
273,ambiguous,B,P18,elmo,2,B5,shoe2,shoe1,paintbrush,0,0,0.0,1.0,0.0,0.0,0.0,0.0,0.0,1.0,0.0,0.0,0.0,0.0,166.7,399.9,366.6
274,ambiguous,B,P18,elmo,3,B4,cup2,cup1,dress,0,0,0.0,0.0,0.0,1.0,1.0,0.0,0.0,1.0,0.0,0.0,0.0,0.0,166.8,400.0,600.0
275,control,B,P18,elmo,4,B10,bird2,book1,playground,0,0,0.0,1.0,0.0,1.0,0.0,0.0,0.0,1.0,0.0,0.0,0.0,0.0,366.8,166.6,700.1
276,ambiguous,B,P18,elmo,5,B2,flower2,flower1,cane,0,0,0.0,0.0,0.0,0.0,0.0,0.0,1.0,0.0,0.0,0.0,0.0,0.0,200.0,0.0,566.6
277,ambiguous,B,P18,elmo,6,B8,tree2,flower1,pencil,0,0,0.0,0.0,0.0,0.0,0.0,0.0,0.0,0.0,0.0,0.0,0.0,0.0,1066.5,0.0,0.0
278,control,B,P18,elmo,7,B15,chair2,dog1,kangaroo,0,0,0.0,0.0,0.0,0.0,0.0,0.0,0.0,0.0,0.0,0.0,0.0,0.0,0.0,0.0,300.0
279,ambiguous,B,P18,elmo,8,B3,clock2,clock1,cake,0,0,0.0,0.0,0.0,0.0,0.0,0.0,0.0,0.0,0.0,0.0,0.0,0.0,0.0,0.0,1033.1000000000001
280,control,B,P18,elmo,9,B9,bike2,bird1,candle,0,0,0.0,0.0,0.0,0.0,0.0,0.0,1.0,0.0,0.0,0.0,0.0,0.0,433.2,0.0,0.0
281,ambiguous,B,P18,elmo,10,B7,toothbrush2,toothbrush1,door,0,0,0.0,0.0,0.0,0.0,0.0,0.0,0.0,0.0,0.0,0.0,0.0,0.0,0.0,0.0,0.0
282,control,B,P18,elmo,11,B13,car2,cat1,dolphin,0,0,1.0,0.0,0.0,0.0,0.0,0.0,1.0,0.0,0.0,0.0,0.0,0.0,166.5,333.3,300.1
283,control,B,P18,elmo,12,B12,bus2,car1,flashlight,0,0,0.0,0.0,0.0,0.0,0.0,0.0,0.0,0.0,0.0,0.0,0.0,0.0,1066.7,0.0,0.0
284,control,B,P18,elmo,13,B16,dog2,bike1,rainbow,0,0,1.0,0.0,0.0,0.0,0.0,0.0,0.0,0.0,0.0,0.0,0.0,0.0,266.6,666.5,0.0
285,ambiguous,B,P18,elmo,14,B1,fish2,fish1,playdoh,0,0,0.0,0.0,0.0,0.0,0.0,0.0,0.0,0.0,0.0,0.0,0.0,0.0,500.0,0.0,0.0
286,control,B,P18,elmo,15,B11,book2,bus1,apple,0,0,0.0,1.0,0.0,0.0,0.0,0.0,0.0,0.0,0.0,0.0,0.0,0.0,266.7,0.0,433.4
287,ambiguous,B,P18,elmo,16,B6,spoon2,spoon1,comb,0,0,0.0,0.0,0.0,0.0,0.0,0.0,0.0,0.0,0.0,0.0,0.0,0.0,0.0,0.0,0.0
288,control,A,P25,elmo,1,A14,cat1,chair2,hairbrush,0,0,0.0,0.0,0.0,0.0,0.0,0.0,0.0,0.0,0.0,0.0,0.0,0.0,1266.6,0.0,0.0
289,control,A,P25,elmo,2,A13,car1,cat2,dolphin,0,0,1.0,0.0,0.0,0.0,0.0,0.0,0.0,0.0,0.0,0.0,0.0,0.0,633.2,366.6,0.0
290,control,A,P25,elmo,3,A9,bike1,bird2,candle,0,0,0.0,0.0,0.0,0.0,0.0,0.0,0.0,0.0,0.0,0.0,0.0,0.0,1166.6,0.0,0.0
291,ambiguous,A,P25,elmo,4,A2,flower2,flower1,cane,0,0,1.0,0.0,0.0,0.0,0.0,0.0,0.0,0.0,0.0,0.0,0.0,0.0,533.2,666.5,0.0
292,ambiguous,A,P25,elmo,5,A6,spoon1,spoon2,comb,0,0,0.0,0.0,0.0,0.0,0.0,0.0,0.0,0.0,0.0,0.0,0.0,0.0,0.0,833.2,0.0
293,ambiguous,A,P25,elmo,6,A3,clock1,clock2,cake,0,0,0.0,0.0,0.0,1.0,0.0,0.0,0.0,0.0,0.0,0.0,0.0,0.0,300.0,666.7,0.0
294,ambiguous,A,P25,elmo,7,A1,fish1,fish2,playdoh,0,0,0.0,0.0,0.0,0.0,1.0,0.0,0.0,1.0,0.0,0.0,0.0,0.0,0.0,266.7,766.7
295,control,A,P25,elmo,8,A15,chair1,dog2,kangaroo,0,0,0.0,0.0,0.0,0.0,0.0,0.0,0.0,0.0,0.0,0.0,0.0,0.0,0.0,0.0,866.5
296,control,A,P25,elmo,9,A16,dog1,bike2,rainbow,0,0,0.0,0.0,0.0,0.0,0.0,0.0,1.0,0.0,0.0,0.0,0.0,0.0,666.6,0.0,366.6
297,control,A,P25,elmo,10,A10,book1,bus2,apple,0,0,0.0,0.0,0.0,0.0,0.0,0.0,0.0,0.0,0.0,0.0,0.0,0.0,0.0,0.0,366.8
298,ambiguous,A,P25,elmo,11,A5,shoe1,shoe2,paintbrush,0,0,0.0,0.0,0.0,0.0,1.0,0.0,0.0,0.0,0.0,0.0,0.0,0.0,0.0,400.0,399.9
299,control,A,P25,elmo,12,A11,book2,bird1,playground,0,0,0.0,0.0,0.0,0.0,0.0,0.0,0.0,0.0,0.0,0.0,0.0,0.0,467.2,0.0,0.0
300,ambiguous,A,P25,elmo,13,A7,toothbrush1,toothbrush2,door,0,0,0.0,0.0,1.0,0.0,0.0,0.0,0.0,0.0,0.0,0.0,0.0,0.0,901.4,0.0,0.0
301,ambiguous,A,P25,elmo,14,A4,cup1,cup2,dress,0,0,0.0,0.0,0.0,0.0,0.0,0.0,0.0,0.0,0.0,0.0,0.0,0.0,1033.1999999999998,0.0,0.0
302,ambiguous,A,P25,elmo,15,A8,flower1,tree2,pencil,0,0,1.0,0.0,0.0,0.0,0.0,0.0,0.0,0.0,0.0,0.0,0.0,0.0,100.2,466.7,0.0
303,control,A,P25,elmo,16,A12,bus1,car2,flashlight,0,0,0.0,0.0,0.0,0.0,0.0,0.0,0.0,0.0,0.0,0.0,0.0,0.0,1299.9,0.0,0.0
304,control,B,P34,elmo,1,B13,car2,cat1,dolphin,0,0,0.0,0.0,0.0,0.0,0.0,0.0,0.0,0.0,0.0,0.0,0.0,0.0,433.3,0.0,0.0
305,ambiguous,B,P34,elmo,2,B7,toothbrush2,toothbrush1,door,0,0,0.0,0.0,0.0,0.0,0.0,0.0,0.0,0.0,0.0,0.0,0.0,0.0,999.8,0.0,0.0
306,control,B,P34,elmo,3,B16,dog2,bike1,rainbow,0,0,0.0,0.0,0.0,1.0,0.0,0.0,0.0,0.0,0.0,0.0,0.0,0.0,699.5999999999999,333.2,0.0
307,control,B,P34,elmo,4,B10,bird2,book1,playground,0,0,0.0,0.0,0.0,0.0,1.0,0.0,0.0,0.0,0.0,0.0,0.0,0.0,0.0,600.0999999999999,166.8
308,control,B,P34,elmo,5,B12,bus2,car1,flashlight,0,0,0.0,0.0,0.0,0.0,0.0,0.0,0.0,0.0,0.0,0.0,0.0,0.0,0.0,0.0,0.0
309,control,B,P34,elmo,6,B9,bike2,bird1,candle,0,0,0.0,0.0,0.0,0.0,0.0,0.0,0.0,0.0,0.0,0.0,0.0,0.0,200.0,0.0,0.0
310,ambiguous,B,P34,elmo,7,B3,clock2,clock1,cake,0,0,0.0,0.0,0.0,0.0,0.0,0.0,0.0,0.0,0.0,0.0,0.0,0.0,0.0,0.0,566.4000000000001
311,control,B,P34,elmo,8,B15,chair2,dog1,kangaroo,0,0,0.0,1.0,0.0,0.0,0.0,0.0,0.0,0.0,0.0,0.0,0.0,0.0,0.0,0.0,397.6
312,ambiguous,B,P34,elmo,9,B8,tree2,flower1,pencil,0,0,0.0,0.0,0.0,0.0,0.0,0.0,0.0,0.0,0.0,0.0,0.0,0.0,600.0,0.0,0.0
313,control,B,P34,elmo,10,B14,cat2,chair1,hairbrush,0,0,0.0,0.0,0.0,0.0,0.0,0.0,0.0,0.0,0.0,0.0,0.0,0.0,1399.8,0.0,0.0
314,ambiguous,B,P34,elmo,11,B1,fish2,fish1,playdoh,0,0,0.0,1.0,0.0,0.0,0.0,0.0,0.0,0.0,0.0,0.0,0.0,0.0,266.6,0.0,566.5
315,ambiguous,B,P34,elmo,12,B4,cup2,cup1,dress,0,0,1.0,0.0,0.0,1.0,0.0,0.0,0.0,0.0,0.0,0.0,0.0,0.0,466.79999999999995,533.3,0.0
316,control,B,P34,elmo,13,B11,book2,bus1,apple,0,0,0.0,0.0,0.0,1.0,0.0,0.0,0.0,0.0,0.0,0.0,0.0,0.0,166.9,700.0,0.0
317,ambiguous,B,P34,elmo,14,B5,shoe2,shoe1,paintbrush,0,0,0.0,0.0,0.0,1.0,0.0,0.0,0.0,0.0,0.0,0.0,0.0,0.0,366.7,900.0,0.0
318,ambiguous,B,P34,elmo,15,B6,spoon2,spoon1,comb,0,0,0.0,0.0,0.0,0.0,0.0,0.0,0.0,0.0,0.0,0.0,0.0,0.0,999.8000000000001,0.0,0.0
319,ambiguous,B,P34,elmo,16,B2,flower2,flower1,cane,0,0,0.0,0.0,0.0,1.0,0.0,0.0,0.0,0.0,0.0,0.0,0.0,0.0,200.1,699.9,0.0
320,ambiguous,C,P11,elmo,1,C7,chair1,chair2,kangaroo,None,None,0.0,0.0,0.0,0.0,0.0,0.0,0.0,0.0,0.0,0.0,0.0,0.0,0.0,0.0,299.9
321,control,C,P11,elmo,2,C12,clock1,shoe2,dress,None,0,0.0,0.0,0.0,0.0,0.0,0.0,0.0,0.0,0.0,0.0,0.0,0.0,1133.2,0.0,0.0
322,control,C,P11,elmo,3,C15,toothbrush1,tree2,door,0,0,0.0,0.0,0.0,0.0,0.0,0.0,0.0,1.0,0.0,0.0,0.0,0.0,0.0,633.0999999999999,433.3
323,ambiguous,C,P11,elmo,4,C3,book1,book2,apple,0,0,1.0,0.0,0.0,1.0,0.0,0.0,0.0,0.0,0.0,0.0,0.0,0.0,266.6,766.1,0.0
324,ambiguous,C,P11,elmo,5,C6,cat1,cat2,brush,1,0,0.0,0.0,0.0,0.0,0.0,0.0,0.0,0.0,0.0,0.0,0.0,0.0,0.0,0.0,0.0
325,ambiguous,C,P11,elmo,6,C1,bike1,bike2,candle,0,0,0.0,0.0,0.0,0.0,0.0,0.0,0.0,0.0,0.0,0.0,0.0,0.0,0.0,1233.0,0.0
326,control,C,P11,elmo,7,C9,fish1,flower2,playdoh,0,0,0.0,0.0,0.0,0.0,0.0,0.0,0.0,0.0,0.0,0.0,0.0,0.0,1097.8,0.0,0.0
327,control,C,P11,elmo,8,C14,spoon1,toothbrush2,comb,0,0,0.0,0.0,0.0,0.0,0.0,0.0,0.0,0.0,0.0,0.0,0.0,0.0,0.0,0.0,0.0
328,ambiguous,C,P11,elmo,9,C2,bird1,bird2,playground,0,0,0.0,0.0,0.0,0.0,0.0,0.0,0.0,0.0,0.0,0.0,0.0,0.0,933.1999999999999,0.0,0.0
329,ambiguous,C,P11,elmo,10,C5,car1,car2,dolphin,1,1,0.0,0.0,0.0,0.0,0.0,0.0,0.0,0.0,0.0,0.0,0.0,0.0,333.3,0.0,0.0
330,control,C,P11,elmo,11,C13,shoe1,spoon2,paintbrush,0,0,0.0,0.0,0.0,0.0,0.0,0.0,0.0,0.0,0.0,0.0,0.0,0.0,999.9,0.0,0.0
331,control,C,P11,elmo,12,C10,flower1,cup2,cane,0,1,0.0,0.0,0.0,0.0,0.0,0.0,0.0,0.0,0.0,0.0,0.0,0.0,833.5,0.0,0.0
332,control,C,P11,elmo,13,C16,tree1,fish2,pencil,0,1,0.0,0.0,0.0,0.0,0.0,0.0,0.0,0.0,0.0,0.0,0.0,0.0,0.0,0.0,0.0
333,control,C,P11,elmo,14,C11,cup1,clock2,cake,0,0,0.0,0.0,0.0,0.0,0.0,0.0,0.0,0.0,0.0,0.0,0.0,0.0,133.3,0.0,0.0
334,ambiguous,C,P11,elmo,15,C4,bus1,bus2,torch,0,0,0.0,0.0,0.0,0.0,0.0,0.0,0.0,0.0,0.0,0.0,0.0,0.0,0.0,666.6,0.0
335,ambiguous,C,P11,elmo,16,C8,dog1,dog2,rainbow,0,0,0.0,0.0,0.0,0.0,0.0,0.0,0.0,0.0,0.0,0.0,0.0,0.0,833.2,0.0,0.0
336,ambiguous,D,P16,elmo,1,D5,car2,car1,dolphin,0,0,0.0,0.0,0.0,0.0,0.0,0.0,0.0,0.0,0.0,0.0,0.0,0.0,0.0,0.0,0.0
337,ambiguous,D,P16,elmo,2,D4,bus2,bus1,torch,0,0,1.0,0.0,0.0,0.0,0.0,1.0,0.0,0.0,1.0,0.0,0.0,0.0,233.20000000000002,366.7,0.0
338,control,D,P16,elmo,3,D11,cup2,clock1,cake,0,0,0.0,1.0,0.0,0.0,0.0,0.0,0.0,1.0,0.0,0.0,0.0,0.0,266.6,100.1,599.8
339,ambiguous,D,P16,elmo,4,D6,cat2,cat1,brush,0,0,0.0,1.0,0.0,0.0,0.0,0.0,1.0,0.0,0.0,0.0,0.0,0.0,100.1,0.0,166.7
340,control,D,P16,elmo,5,D13,shoe2,spoon1,paintbrush,0,0,0.0,0.0,1.0,0.0,0.0,0.0,0.0,0.0,0.0,1.0,0.0,0.0,633.6,233.4,0.0
341,control,D,P16,elmo,6,D15,toothbrush2,tree1,door,0,0,0.0,0.0,0.0,0.0,0.0,0.0,0.0,0.0,0.0,0.0,0.0,0.0,0.0,0.0,0.0
342,control,D,P16,elmo,7,D10,flower2,cup1,cane,0,0,0.0,1.0,0.0,0.0,0.0,0.0,0.0,1.0,0.0,0.0,0.0,0.0,100.0,100.0,299.9
343,ambiguous,D,P16,elmo,8,D1,bike2,bike1,torch,0,0,0.0,0.0,0.0,1.0,0.0,0.0,0.0,0.0,0.0,0.0,0.0,0.0,200.0,133.4,0.0
344,control,D,P16,elmo,9,D12,clock2,shoe1,dress,0,0,0.0,0.0,0.0,0.0,0.0,0.0,0.0,1.0,0.0,0.0,0.0,0.0,0.0,166.7,566.6
345,control,D,P16,elmo,10,D14,spoon2,toothbrush1,comb,0,0,0.0,0.0,0.0,0.0,1.0,0.0,1.0,0.0,0.0,0.0,0.0,0.0,266.6,200.0,300.0
346,control,D,P16,elmo,11,D9,fish2,flower1,playdoh,0,0,0.0,0.0,0.0,0.0,1.0,0.0,0.0,0.0,0.0,0.0,0.0,0.0,0.0,233.3,133.4
347,ambiguous,D,P16,elmo,12,D7,chair2,chair1,kangaroo,0,0,0.0,0.0,0.0,0.0,0.0,0.0,0.0,0.0,0.0,0.0,0.0,0.0,599.9000000000001,0.0,0.0
348,ambiguous,D,P16,elmo,13,D2,bird2,bird1,playground,0,0,0.0,0.0,0.0,0.0,0.0,0.0,1.0,0.0,0.0,0.0,0.0,0.0,233.3,0.0,666.5999999999999
349,control,D,P16,elmo,14,D16,tree2,fish1,pencil,0,0,0.0,0.0,0.0,0.0,0.0,0.0,0.0,0.0,0.0,0.0,0.0,0.0,0.0,0.0,0.0
350,ambiguous,D,P16,elmo,15,D3,book2,book1,apple,0,0,0.0,0.0,1.0,0.0,0.0,0.0,0.0,0.0,0.0,0.0,0.0,0.0,766.4,0.0,0.0
351,ambiguous,D,P16,elmo,16,D8,dog2,dog1,ainbow,1,1,0.0,0.0,0.0,0.0,0.0,0.0,0.0,0.0,0.0,0.0,0.0,0.0,0.0,0.0,0.0
352,ambiguous,B,P39,elmo,1,B2,flower2,flower1,cane,0,0,0.0,0.0,0.0,0.0,0.0,0.0,0.0,0.0,0.0,0.0,0.0,0.0,0.0,0.0,533.2
353,ambiguous,B,P39,elmo,2,B1,fish2,fish1,playdoh,1,1,1.0,0.0,0.0,1.0,0.0,0.0,0.0,0.0,0.0,0.0,0.0,0.0,766.6,433.3,0.0
354,control,B,P39,elmo,3,B14,cat2,chair1,hairbrush,0,0,0.0,0.0,0.0,0.0,0.0,0.0,0.0,0.0,0.0,0.0,0.0,0.0,0.0,0.0,0.0
355,control,B,P39,elmo,4,B12,bus2,car1,flashlight,0,0,0.0,1.0,0.0,0.0,0.0,0.0,0.0,0.0,0.0,0.0,0.0,0.0,100.0,0.0,900.2
356,control,B,P39,elmo,5,B10,bird2,book1,playground,0,0,0.0,0.0,0.0,0.0,0.0,0.0,0.0,0.0,0.0,0.0,0.0,0.0,1166.6,0.0,0.0
357,control,B,P39,elmo,6,B15,chair2,dog1,kangaroo,0,0,0.0,0.0,0.0,0.0,1.0,0.0,1.0,0.0,0.0,0.0,0.0,0.0,733.1,366.6,166.6
358,control,B,P39,elmo,7,B16,dog2,bike1,rainbow,1,1,0.0,0.0,0.0,0.0,0.0,0.0,0.0,0.0,0.0,0.0,0.0,0.0,1133.3,0.0,0.0
359,control,B,P39,elmo,8,B11,book2,bus1,apple,0,0,0.0,0.0,0.0,0.0,0.0,0.0,1.0,0.0,0.0,0.0,0.0,0.0,866.7,0.0,166.8
360,ambiguous,B,P39,elmo,9,B4,cup2,cup1,dress,0,0,0.0,0.0,0.0,0.0,0.0,0.0,0.0,0.0,0.0,0.0,0.0,0.0,800.0,0.0,0.0
361,ambiguous,B,P39,elmo,10,B3,clock2,clock1,cake,1,1,0.0,0.0,0.0,0.0,1.0,0.0,1.0,0.0,0.0,0.0,0.0,0.0,166.6,99.9,632.0
362,control,B,P39,elmo,11,B13,car2,cat1,dolphin,1,1,0.0,0.0,0.0,0.0,0.0,0.0,0.0,0.0,0.0,0.0,0.0,0.0,1100.2,0.0,0.0
363,ambiguous,B,P39,elmo,12,B7,toothbrush2,toothbrush1,door,0,0,0.0,0.0,0.0,0.0,0.0,0.0,0.0,0.0,0.0,0.0,0.0,0.0,0.0,0.0,0.0
364,ambiguous,B,P39,elmo,13,B6,spoon2,spoon1,comb,0,0,0.0,1.0,0.0,0.0,0.0,0.0,0.0,0.0,0.0,0.0,0.0,0.0,466.6,0.0,366.5
365,ambiguous,B,P39,elmo,14,B5,shoe2,shoe1,paintbrush,0,0,1.0,0.0,0.0,0.0,0.0,0.0,0.0,0.0,0.0,0.0,0.0,0.0,466.6,133.3,0.0
366,control,B,P39,elmo,15,B9,bike2,bird1,candle,0,0,0.0,0.0,0.0,0.0,0.0,0.0,0.0,0.0,0.0,0.0,0.0,0.0,1366.6,0.0,0.0
367,ambiguous,B,P39,elmo,16,B8,tree2,flower1,pencil,0,0,0.0,1.0,0.0,0.0,0.0,0.0,0.0,1.0,0.0,0.0,0.0,0.0,200.0,366.6,366.7
368,control,C,P15,elmo,1,C15,toothbrush1,tree2,door,0,0,0.0,0.0,0.0,0.0,0.0,0.0,0.0,0.0,0.0,0.0,0.0,0.0,1233.3,0.0,0.0
369,control,C,P15,elmo,2,C11,cup1,clock2,cake,0,0,0.0,0.0,0.0,0.0,0.0,0.0,0.0,0.0,0.0,0.0,0.0,0.0,0.0,0.0,0.0
370,ambiguous,C,P15,elmo,3,C6,cat1,cat2,brush,0,0,0.0,0.0,0.0,1.0,0.0,0.0,0.0,0.0,0.0,0.0,0.0,0.0,766.2,433.4,0.0
371,control,C,P15,elmo,4,C13,shoe1,spoon2,paintbrush,0,0,0.0,0.0,0.0,0.0,0.0,0.0,0.0,0.0,0.0,0.0,0.0,0.0,1400.0,0.0,0.0
372,ambiguous,C,P15,elmo,5,C7,chair1,chair2,kangaroo,0,0,0.0,0.0,0.0,0.0,0.0,0.0,0.0,0.0,0.0,0.0,0.0,0.0,699.8,0.0,0.0
373,ambiguous,C,P15,elmo,6,C3,book1,book2,apple,0,0,0.0,0.0,0.0,1.0,0.0,0.0,0.0,0.0,0.0,0.0,0.0,0.0,466.7,833.2,0.0
374,control,C,P15,elmo,7,C10,flower1,cup2,cane,0,0,0.0,0.0,0.0,0.0,0.0,0.0,0.0,0.0,0.0,0.0,0.0,0.0,0.0,0.0,400.0
375,ambiguous,C,P15,elmo,8,C1,bike1,bike2,candle,0,0,0.0,0.0,0.0,0.0,0.0,0.0,0.0,0.0,0.0,0.0,0.0,0.0,933.2,0.0,0.0
376,ambiguous,C,P15,elmo,9,C5,car1,car2,dolphin,0,1,1.0,0.0,0.0,1.0,0.0,0.0,0.0,0.0,0.0,0.0,0.0,0.0,433.3,500.0,0.0
377,control,C,P15,elmo,10,C9,fish1,flower2,playdoh,0,0,0.0,0.0,0.0,0.0,0.0,0.0,0.0,0.0,0.0,0.0,0.0,0.0,0.0,0.0,699.9000000000001
378,control,C,P15,elmo,11,C12,clock1,shoe2,dress,0,1,0.0,0.0,0.0,0.0,0.0,0.0,0.0,0.0,0.0,0.0,0.0,0.0,100.0,0.0,0.0
379,ambiguous,C,P15,elmo,12,C8,dog1,dog2,rainbow,1,1,1.0,0.0,0.0,0.0,0.0,0.0,0.0,0.0,0.0,0.0,0.0,0.0,0.0,366.5,0.0
380,ambiguous,C,P15,elmo,13,C2,bird1,bird2,playground,0,0,0.0,0.0,0.0,0.0,1.0,0.0,0.0,0.0,0.0,0.0,0.0,0.0,0.0,700.0,266.7
381,ambiguous,C,P15,elmo,14,C4,bus1,bus2,torch,0,0,0.0,0.0,0.0,0.0,0.0,0.0,0.0,0.0,0.0,0.0,0.0,0.0,1366.4,0.0,0.0
382,control,C,P15,elmo,15,C16,tree1,fish2,pencil,0,0,0.0,0.0,0.0,0.0,0.0,0.0,0.0,0.0,0.0,0.0,0.0,0.0,0.0,0.0,0.0
383,control,C,P15,elmo,16,C14,spoon1,toothbrush2,comb,None,None,0.0,0.0,0.0,0.0,0.0,0.0,0.0,0.0,0.0,0.0,0.0,0.0,0.0,0.0,0.0
384,ambiguous,B,P06,elmo,1,B7,toothbrush2,toothbrush1,door,1,1,0.0,1.0,0.0,0.0,0.0,0.0,1.0,0.0,0.0,0.0,0.0,0.0,466.6,0.0,166.7
385,ambiguous,B,P06,elmo,2,B2,flower2,flower1,cane,1,1,0.0,0.0,0.0,0.0,0.0,0.0,0.0,0.0,0.0,0.0,0.0,0.0,1133.1,0.0,0.0
386,control,B,P06,elmo,3,B9,bike2,bird1,candle,0,0,0.0,1.0,0.0,0.0,0.0,0.0,1.0,0.0,0.0,0.0,0.0,0.0,866.8,0.0,499.9
387,ambiguous,B,P06,elmo,4,B8,tree2,flower1,pencil,0,0,0.0,0.0,0.0,0.0,0.0,0.0,0.0,0.0,0.0,0.0,0.0,0.0,1199.8,0.0,0.0
388,control,B,P06,elmo,5,B11,book2,bus1,apple,1,1,0.0,0.0,0.0,0.0,0.0,0.0,0.0,0.0,0.0,0.0,0.0,0.0,0.0,0.0,700.3
389,control,B,P06,elmo,6,B15,chair2,dog1,kangaroo,1,1,0.0,0.0,1.0,0.0,0.0,0.0,0.0,0.0,0.0,0.0,0.0,0.0,798.8,0.0,0.0
390,ambiguous,B,P06,elmo,7,B5,shoe2,shoe1,paintbrush,1,1,0.0,0.0,0.0,0.0,0.0,0.0,0.0,1.0,0.0,0.0,0.0,0.0,0.0,433.2,300.0
391,ambiguous,B,P06,elmo,8,B3,clock2,clock1,cake,1,1,0.0,0.0,0.0,0.0,0.0,0.0,0.0,0.0,0.0,0.0,0.0,0.0,0.0,899.7,0.0
392,control,B,P06,elmo,9,B12,bus2,car1,flashlight,1,1,0.0,0.0,0.0,0.0,0.0,0.0,1.0,0.0,0.0,0.0,0.0,0.0,266.6,0.0,400.0
393,ambiguous,B,P06,elmo,10,B4,cup2,cup1,dress,1,1,0.0,0.0,0.0,0.0,0.0,0.0,0.0,0.0,0.0,0.0,0.0,0.0,1033.3,0.0,0.0
394,ambiguous,B,P06,elmo,11,B1,fish2,fish1,playdoh,1,1,0.0,0.0,0.0,1.0,0.0,0.0,0.0,0.0,0.0,0.0,0.0,0.0,498.4,433.3,0.0
395,control,B,P06,elmo,12,B13,car2,cat1,dolphin,1,1,1.0,0.0,0.0,1.0,0.0,0.0,0.0,0.0,0.0,0.0,0.0,0.0,366.7,700.0,0.0
396,control,B,P06,elmo,13,B10,bird2,book1,playground,1,1,0.0,0.0,0.0,0.0,0.0,0.0,0.0,0.0,0.0,0.0,0.0,0.0,0.0,0.0,1433.1999999999998
397,ambiguous,B,P06,elmo,14,B6,spoon2,spoon1,comb,1,1,0.0,0.0,0.0,1.0,0.0,0.0,0.0,0.0,0.0,0.0,0.0,0.0,400.0,0.0,0.0
398,control,B,P06,elmo,15,B14,cat2,chair1,hairbrush,1,1,1.0,0.0,0.0,0.0,0.0,0.0,0.0,0.0,0.0,0.0,0.0,0.0,333.3,633.2,0.0
399,control,B,P06,elmo,16,B16,dog2,bike1,rainbow,1,1,0.0,0.0,0.0,0.0,0.0,0.0,0.0,0.0,0.0,0.0,0.0,0.0,600.2,0.0,0.0
400,ambiguous,D,P28,elmo,1,D5,car2,car1,dolphin,1,1,0.0,0.0,0.0,0.0,0.0,0.0,0.0,0.0,0.0,0.0,0.0,0.0,366.5,0.0,0.0
401,control,D,P28,elmo,2,D12,clock2,shoe1,dress,0,0,0.0,0.0,1.0,0.0,0.0,0.0,0.0,0.0,0.0,0.0,0.0,0.0,0.0,0.0,0.0
402,ambiguous,D,P28,elmo,3,D6,cat2,cat1,brush,1,1,0.0,1.0,0.0,0.0,0.0,0.0,0.0,0.0,0.0,0.0,0.0,0.0,0.0,0.0,266.6
403,control,D,P28,elmo,4,D13,shoe2,spoon1,paintbrush,1,1,0.0,0.0,0.0,0.0,0.0,0.0,0.0,0.0,0.0,0.0,0.0,0.0,466.6,0.0,0.0
404,ambiguous,D,P28,elmo,5,D4,bus2,bus1,torch,1,1,0.0,0.0,0.0,0.0,0.0,0.0,0.0,0.0,0.0,0.0,0.0,0.0,1166.7,0.0,0.0
405,control,D,P28,elmo,6,D16,tree2,fish1,pencil,0,0,0.0,0.0,0.0,0.0,0.0,0.0,0.0,0.0,0.0,0.0,0.0,0.0,200.0,0.0,0.0
406,control,D,P28,elmo,7,D15,toothbrush2,tree1,door,1,1,0.0,0.0,0.0,0.0,0.0,0.0,0.0,0.0,0.0,0.0,0.0,0.0,0.0,0.0,0.0
407,control,D,P28,elmo,8,D14,spoon2,toothbrush1,comb,1,1,1.0,0.0,0.0,0.0,0.0,0.0,0.0,0.0,0.0,0.0,0.0,0.0,100.0,466.6,0.0
408,ambiguous,D,P28,elmo,9,D2,bird2,bird1,playground,0,1,0.0,0.0,0.0,0.0,0.0,0.0,0.0,0.0,0.0,0.0,0.0,0.0,0.0,0.0,0.0
409,ambiguous,D,P28,elmo,10,D7,chair2,chair1,kangaroo,1,1,0.0,0.0,0.0,0.0,0.0,0.0,0.0,0.0,0.0,0.0,0.0,0.0,1333.2,0.0,0.0
410,ambiguous,D,P28,elmo,11,D3,book2,book1,apple,1,1,0.0,0.0,0.0,0.0,0.0,0.0,0.0,0.0,1.0,0.0,0.0,0.0,400.0,0.0,0.0
411,control,D,P28,elmo,12,D11,cup2,clock1,cake,None,0,0.0,0.0,0.0,0.0,0.0,0.0,1.0,0.0,0.0,0.0,0.0,0.0,199.9,0.0,933.2
412,ambiguous,D,P28,elmo,13,D1,bike2,bike1,candle,1,1,0.0,0.0,0.0,0.0,0.0,0.0,0.0,0.0,0.0,0.0,0.0,0.0,266.7,0.0,0.0
413,control,D,P28,elmo,14,D10,flower2,cup1,cane,None,None,1.0,0.0,0.0,0.0,0.0,0.0,0.0,0.0,0.0,0.0,0.0,0.0,133.4,400.0,0.0
414,ambiguous,D,P28,elmo,15,D8,dog2,dog1,rainbow,1,1,0.0,0.0,0.0,0.0,0.0,0.0,0.0,0.0,0.0,0.0,0.0,0.0,0.0,0.0,0.0
415,control,D,P28,elmo,16,D9,fish2,flower1,playdoh,1,1,0.0,0.0,0.0,0.0,0.0,0.0,0.0,0.0,0.0,0.0,0.0,0.0,0.0,0.0,0.0
416,ambiguous,D,P24,elmo,1,D3,book2,book1,apple,1,1,0.0,0.0,0.0,0.0,0.0,0.0,0.0,0.0,0.0,0.0,0.0,0.0,0.0,0.0,0.0
417,ambiguous,D,P24,elmo,2,D2,bird2,bird1,playground,1,1,0.0,0.0,1.0,0.0,1.0,0.0,0.0,0.0,0.0,1.0,0.0,0.0,300.0,233.3,433.29999999999995
418,control,D,P24,elmo,3,D10,flower2,cup1,cane,1,1,0.0,0.0,0.0,0.0,0.0,0.0,0.0,0.0,0.0,0.0,0.0,0.0,133.3,0.0,0.0
419,control,D,P24,elmo,4,D9,fish2,flower1,playdoh,1,1,1.0,0.0,0.0,0.0,0.0,0.0,0.0,0.0,0.0,0.0,0.0,0.0,0.0,466.6,0.0
420,control,D,P24,elmo,5,D14,spoon2,toothbrush1,comb,0,1,0.0,0.0,0.0,0.0,0.0,0.0,0.0,0.0,0.0,0.0,0.0,0.0,0.0,0.0,0.0
421,control,D,P24,elmo,6,D13,shoe2,spoon1,paintbrush,1,1,1.0,0.0,0.0,0.0,0.0,0.0,0.0,0.0,0.0,0.0,0.0,0.0,133.5,333.2,0.0
422,ambiguous,D,P24,elmo,7,D5,car2,car1,dolphin,1,1,0.0,0.0,0.0,0.0,0.0,0.0,0.0,0.0,0.0,0.0,0.0,0.0,1233.3,0.0,0.0
423,control,D,P24,elmo,8,D15,toothbrush2,tree1,door,1,0,0.0,0.0,0.0,0.0,0.0,0.0,1.0,0.0,0.0,0.0,0.0,0.0,666.9,0.0,400.0
424,control,D,P24,elmo,9,D16,tree2,fish1,pencil,1,1,0.0,0.0,0.0,0.0,0.0,0.0,0.0,0.0,0.0,0.0,0.0,0.0,134.2,0.0,0.0
425,control,D,P24,elmo,10,D12,clock2,shoe1,dress,1,0,0.0,0.0,0.0,0.0,0.0,0.0,0.0,0.0,0.0,0.0,0.0,0.0,566.5,0.0,0.0
426,ambiguous,D,P24,elmo,11,D8,dog2,dog1,rainbow,1,1,0.0,0.0,0.0,0.0,0.0,0.0,0.0,0.0,0.0,0.0,0.0,0.0,833.3,0.0,0.0
427,control,D,P24,elmo,12,D11,cup2,clock1,cake,1,1,0.0,0.0,0.0,0.0,0.0,0.0,0.0,1.0,0.0,0.0,0.0,0.0,0.0,133.3,499.8
428,ambiguous,D,P24,elmo,13,D4,bus2,bus1,torch,1,1,1.0,0.0,0.0,0.0,0.0,0.0,0.0,0.0,0.0,0.0,0.0,0.0,133.3,766.1,0.0
429,ambiguous,D,P24,elmo,14,D1,bike2,bike1,candle,1,1,0.0,0.0,0.0,0.0,0.0,0.0,0.0,0.0,0.0,0.0,0.0,0.0,699.9000000000001,0.0,0.0
430,ambiguous,D,P24,elmo,15,D7,chair2,chair1,kangaroo,1,1,0.0,0.0,0.0,0.0,0.0,0.0,0.0,0.0,0.0,0.0,0.0,0.0,0.0,1167.3000000000002,0.0
431,ambiguous,D,P24,elmo,16,D6,cat2,cat1,brush,1,1,0.0,0.0,0.0,0.0,0.0,0.0,0.0,0.0,0.0,0.0,0.0,0.0,0.0,799.9000000000001,0.0
432,control,A,P17,elmo,1,A11,book2,bird1,playground,0,0,0.0,0.0,0.0,0.0,0.0,0.0,0.0,0.0,0.0,0.0,0.0,0.0,0.0,300.0,0.0
433,ambiguous,A,P17,elmo,2,A6,spoon1,spoon2,comb,0,0,1.0,0.0,0.0,1.0,0.0,0.0,0.0,0.0,0.0,0.0,0.0,0.0,533.3,566.6,0.0
434,control,A,P17,elmo,3,A16,dog1,bike2,rainbow,0,0,1.0,0.0,1.0,0.0,0.0,0.0,0.0,0.0,1.0,0.0,0.0,0.0,666.2,133.3,0.0
435,control,A,P17,elmo,4,A14,cat1,chair2,hairbrush,0,0,0.0,0.0,0.0,0.0,0.0,0.0,1.0,0.0,0.0,0.0,0.0,0.0,866.4,0.0,233.3
436,control,A,P17,elmo,5,A10,book1,bus2,apple,None,0,0.0,0.0,0.0,0.0,0.0,0.0,1.0,0.0,0.0,0.0,0.0,0.0,797.4,0.0,166.6
437,ambiguous,A,P17,elmo,6,A7,toothbrush1,toothbrush2,door,0,0,0.0,0.0,0.0,0.0,0.0,0.0,0.0,0.0,0.0,0.0,0.0,0.0,0.0,0.0,0.0
438,control,A,P17,elmo,7,A15,chair1,dog2,kangaroo,0,0,0.0,0.0,0.0,0.0,0.0,0.0,0.0,0.0,0.0,0.0,0.0,0.0,267.0,0.0,0.0
439,ambiguous,A,P17,elmo,8,A5,shoe1,shoe2,paintbrush,0,0,0.0,0.0,0.0,0.0,0.0,0.0,0.0,0.0,0.0,0.0,0.0,0.0,166.7,0.0,0.0
440,control,A,P17,elmo,9,A12,bus1,car2,flashlight,0,0,0.0,0.0,0.0,0.0,0.0,0.0,0.0,0.0,0.0,0.0,0.0,0.0,0.0,0.0,0.0
441,control,A,P17,elmo,10,A13,car1,cat2,dolphin,0,0,1.0,0.0,0.0,0.0,0.0,0.0,0.0,0.0,0.0,0.0,0.0,0.0,266.6,699.8,0.0
442,ambiguous,A,P17,elmo,11,A1,fish1,fish2,playdoh,0,0,1.0,0.0,0.0,0.0,0.0,0.0,0.0,0.0,0.0,0.0,0.0,0.0,166.6,1100.0,0.0
443,control,A,P17,elmo,12,A9,bike1,bird2,candle,0,0,0.0,0.0,0.0,1.0,0.0,0.0,0.0,0.0,0.0,0.0,0.0,0.0,133.3,133.4,0.0
444,ambiguous,A,P17,elmo,13,A4,cup1,cup2,dress,0,1,0.0,0.0,0.0,0.0,0.0,0.0,0.0,0.0,0.0,0.0,0.0,0.0,333.3,0.0,0.0
445,ambiguous,A,P17,elmo,14,A3,clock1,clock2,cake,0,0,0.0,0.0,0.0,0.0,0.0,0.0,0.0,0.0,0.0,0.0,0.0,0.0,0.0,733.2,0.0
446,ambiguous,A,P17,elmo,15,A2,flower2,flower1,cane,0,0,1.0,0.0,0.0,0.0,0.0,0.0,0.0,0.0,0.0,0.0,0.0,0.0,433.4,699.4000000000001,0.0
447,ambiguous,A,P17,elmo,16,A8,flower1,tree2,pencil,0,0,0.0,0.0,0.0,0.0,0.0,0.0,0.0,0.0,0.0,0.0,0.0,0.0,0.0,0.0,0.0
448,control,A,P29,elmo,1,A14,cat1,chair2,hairbrush,0,0,0.0,0.0,0.0,0.0,0.0,0.0,0.0,0.0,0.0,0.0,0.0,0.0,0.0,0.0,933.2
449,control,A,P29,elmo,2,A9,bike1,bird2,candle,0,0,0.0,0.0,0.0,0.0,0.0,0.0,0.0,0.0,0.0,0.0,0.0,0.0,0.0,0.0,0.0
450,ambiguous,A,P29,elmo,3,A3,clock1,clock2,cake,0,0,0.0,0.0,0.0,0.0,0.0,0.0,0.0,0.0,0.0,0.0,0.0,0.0,0.0,0.0,0.0
451,control,A,P29,elmo,4,A11,book2,bird1,playground,0,0,0.0,0.0,0.0,0.0,0.0,0.0,0.0,0.0,0.0,0.0,0.0,0.0,0.0,0.0,0.0
452,ambiguous,A,P29,elmo,5,A7,toothbrush1,toothbrush2,door,0,0,0.0,0.0,0.0,0.0,0.0,0.0,0.0,0.0,0.0,0.0,0.0,0.0,0.0,0.0,0.0
453,control,A,P29,elmo,6,A13,car1,cat2,dolphin,0,0,0.0,0.0,0.0,0.0,0.0,0.0,0.0,0.0,0.0,0.0,0.0,0.0,0.0,0.0,0.0
454,ambiguous,A,P29,elmo,7,A8,flower1,tree2,pencil,0,0,0.0,0.0,0.0,0.0,0.0,0.0,0.0,0.0,0.0,0.0,0.0,0.0,0.0,0.0,0.0
455,ambiguous,A,P29,elmo,8,A6,spoon1,spoon2,comb,0,0,0.0,0.0,0.0,0.0,0.0,0.0,0.0,0.0,0.0,0.0,0.0,0.0,0.0,0.0,0.0
456,control,A,P29,elmo,9,A12,bus1,car2,flashlight,0,0,0.0,1.0,0.0,0.0,0.0,0.0,0.0,0.0,0.0,0.0,0.0,0.0,0.0,0.0,466.0
457,ambiguous,A,P29,elmo,10,A4,cup1,cup2,dress,0,0,0.0,0.0,0.0,0.0,0.0,0.0,0.0,0.0,0.0,0.0,0.0,0.0,0.0,0.0,0.0
458,ambiguous,A,P29,elmo,11,A5,shoe1,shoe2,paintbrush,0,1,1.0,0.0,0.0,0.0,0.0,0.0,0.0,0.0,0.0,0.0,0.0,0.0,99.9,166.8,0.0
459,control,A,P29,elmo,12,A10,book1,bus2,apple,0,0,0.0,0.0,0.0,0.0,0.0,0.0,0.0,0.0,0.0,0.0,0.0,0.0,0.0,0.0,0.0
460,control,A,P29,elmo,13,A15,chair1,dog2,kangaroo,0,0,0.0,0.0,0.0,0.0,0.0,0.0,0.0,0.0,0.0,0.0,0.0,0.0,766.6,0.0,0.0
461,ambiguous,A,P29,elmo,14,A2,flower2,flower1,cane,0,0,0.0,0.0,0.0,0.0,0.0,0.0,0.0,0.0,0.0,0.0,0.0,0.0,0.0,0.0,0.0
462,ambiguous,A,P29,elmo,15,A1,fish1,fish2,playdoh,0,0,0.0,0.0,0.0,0.0,0.0,0.0,0.0,0.0,0.0,0.0,0.0,0.0,0.0,0.0,0.0
463,control,A,P29,elmo,16,A16,dog1,bike2,rainbow,0,0,0.0,0.0,0.0,1.0,0.0,0.0,0.0,0.0,0.0,0.0,0.0,0.0,533.2,99.8,0.0
464,ambiguous,D,P32,elmo,1,D6,cat2,cat1,brush,0,0,0.0,0.0,0.0,0.0,0.0,0.0,0.0,0.0,0.0,0.0,0.0,0.0,1100.2,0.0,0.0
465,ambiguous,D,P32,elmo,2,D5,car2,car1,dolphin,1,1,0.0,0.0,0.0,0.0,0.0,0.0,0.0,0.0,0.0,0.0,0.0,0.0,1100.0,0.0,0.0
466,control,D,P32,elmo,3,D16,tree2,fish1,pencil,1,1,0.0,0.0,0.0,0.0,0.0,0.0,0.0,0.0,0.0,0.0,0.0,0.0,1266.5,0.0,0.0
467,control,D,P32,elmo,4,D11,cup2,clock1,cake,1,1,0.0,1.0,0.0,0.0,0.0,0.0,0.0,1.0,0.0,0.0,0.0,0.0,366.6,233.5,566.5
468,control,D,P32,elmo,5,D10,flower2,cup1,cane,1,1,1.0,0.0,0.0,0.0,0.0,0.0,0.0,0.0,0.0,0.0,0.0,0.0,933.2,366.6,0.0
469,control,D,P32,elmo,6,D9,fish2,flower1,playdoh,1,1,1.0,0.0,0.0,0.0,0.0,0.0,0.0,0.0,0.0,0.0,0.0,0.0,533.3,366.7,0.0
470,ambiguous,D,P32,elmo,7,D8,dog2,dog1,rainbow,1,1,0.0,0.0,0.0,1.0,0.0,1.0,0.0,0.0,0.0,1.0,0.0,0.0,433.2,699.9,0.0
471,ambiguous,D,P32,elmo,8,D2,bird2,bird1,playground,1,1,0.0,0.0,0.0,0.0,0.0,0.0,0.0,0.0,0.0,0.0,0.0,0.0,1133.3,0.0,0.0
472,control,D,P32,elmo,9,D13,shoe2,spoon1,paintbrush,1,1,0.0,0.0,0.0,0.0,0.0,0.0,0.0,0.0,0.0,0.0,0.0,0.0,1133.5,0.0,0.0
473,control,D,P32,elmo,10,D12,clock2,shoe1,dress,1,1,0.0,0.0,0.0,0.0,0.0,0.0,0.0,0.0,0.0,0.0,0.0,0.0,0.0,1066.6,0.0
474,ambiguous,D,P32,elmo,11,D7,chair2,chair1,kangaroo,1,1,0.0,1.0,0.0,0.0,0.0,0.0,0.0,0.0,0.0,0.0,0.0,0.0,533.3,0.0,566.5
475,control,D,P32,elmo,12,D15,toothbrush2,tree1,door,1,1,0.0,0.0,0.0,1.0,0.0,0.0,0.0,0.0,0.0,0.0,0.0,0.0,366.70000000000005,433.3,0.0
476,ambiguous,D,P32,elmo,13,D4,bus2,bus1,torch,1,1,0.0,1.0,0.0,0.0,0.0,0.0,1.0,0.0,0.0,0.0,0.0,0.0,900.0,0.0,200.0
477,control,D,P32,elmo,14,D14,spoon2,toothbrush1,comb,1,1,0.0,0.0,1.0,0.0,0.0,0.0,0.0,0.0,0.0,0.0,0.0,0.0,733.4,0.0,0.0
478,ambiguous,D,P32,elmo,15,D1,bike2,bike1,candle,1,1,1.0,0.0,0.0,0.0,1.0,0.0,0.0,1.0,0.0,0.0,0.0,0.0,99.9,666.5,466.3
479,ambiguous,D,P32,elmo,16,D3,book2,book1,apple,1,1,1.0,0.0,0.0,0.0,1.0,0.0,0.0,0.0,0.0,0.0,0.0,0.0,133.2,333.4,333.3
480,control,C,P35,elmo,1,C12,clock1,shoe2,dress,0,0,0.0,0.0,0.0,0.0,0.0,0.0,0.0,0.0,0.0,0.0,0.0,0.0,1133.3000000000002,0.0,0.0
481,ambiguous,C,P35,elmo,2,C2,bird1,bird2,playground,0,0,0.0,0.0,0.0,0.0,0.0,0.0,0.0,0.0,0.0,0.0,0.0,0.0,200.0,0.0,0.0
482,ambiguous,C,P35,elmo,3,C1,bike1,bike2,candle,0,0,0.0,0.0,0.0,0.0,0.0,0.0,0.0,0.0,0.0,0.0,0.0,0.0,0.0,0.0,0.0
483,control,C,P35,elmo,4,C14,spoon1,toothbrush2,comb,0,0,0.0,1.0,0.0,0.0,0.0,0.0,0.0,0.0,0.0,0.0,0.0,0.0,266.6,0.0,133.3
484,ambiguous,C,P35,elmo,5,C5,car1,car2,dolphin,0,0,0.0,0.0,0.0,0.0,0.0,0.0,0.0,0.0,0.0,0.0,0.0,0.0,833.2,0.0,0.0
485,control,C,P35,elmo,6,C16,tree1,fish2,pencil,0,0,0.0,0.0,1.0,0.0,0.0,0.0,0.0,0.0,0.0,0.0,0.0,0.0,1066.3000000000002,0.0,0.0
486,ambiguous,C,P35,elmo,7,C8,dog1,dog2,rainbow,0,0,0.0,0.0,0.0,0.0,0.0,0.0,0.0,0.0,0.0,0.0,0.0,0.0,0.0,0.0,0.0
487,ambiguous,C,P35,elmo,8,C7,chair1,chair2,kangaroo,0,0,0.0,1.0,0.0,0.0,0.0,0.0,0.0,0.0,0.0,0.0,0.0,1.0,200.0,0.0,433.3
488,control,C,P35,elmo,9,C15,toothbrush1,tree2,door,0,0,0.0,0.0,0.0,0.0,0.0,0.0,0.0,0.0,0.0,0.0,0.0,0.0,766.5,0.0,0.0
489,ambiguous,C,P35,elmo,10,C6,cat1,cat2,brush,0,0,0.0,0.0,0.0,0.0,0.0,0.0,0.0,0.0,0.0,0.0,0.0,0.0,0.0,0.0,0.0
490,control,C,P35,elmo,11,C13,shoe1,spoon2,paintbrush,0,0,0.0,0.0,0.0,0.0,0.0,0.0,0.0,0.0,0.0,0.0,0.0,0.0,233.20000000000002,0.0,0.0
491,control,C,P35,elmo,12,C10,flower1,cup2,cane,0,0,0.0,0.0,0.0,0.0,0.0,0.0,0.0,0.0,0.0,0.0,0.0,0.0,1166.5,0.0,0.0
492,control,C,P35,elmo,13,C9,fish1,flower2,playdoh,0,0,0.0,0.0,0.0,0.0,0.0,0.0,0.0,0.0,0.0,0.0,0.0,0.0,0.0,0.0,1133.5
493,ambiguous,C,P35,elmo,14,C3,book1,book2,apple,0,0,0.0,0.0,0.0,0.0,0.0,0.0,0.0,0.0,0.0,0.0,0.0,0.0,799.9000000000001,0.0,0.0
494,control,C,P35,elmo,15,C11,cup1,clock2,cake,0,0,0.0,1.0,0.0,0.0,0.0,0.0,0.0,0.0,0.0,0.0,0.0,0.0,499.9,0.0,433.3
495,ambiguous,C,P35,elmo,16,C4,bus1,bus2,torch,0,0,1.0,0.0,0.0,0.0,0.0,0.0,0.0,0.0,0.0,0.0,0.0,0.0,200.0,500.0,0.0
496,control,C,P31,elmo,1,C14,spoon1,toothbrush2,comb,0,0,0.0,0.0,0.0,0.0,0.0,0.0,0.0,0.0,0.0,0.0,0.0,0.0,299.9,0.0,0.0
497,ambiguous,C,P31,elmo,2,C6,cat1,cat2,brush,1,1,1.0,0.0,0.0,0.0,0.0,1.0,0.0,0.0,0.0,0.0,0.0,0.0,732.8000000000001,100.0,0.0
498,ambiguous,C,P31,elmo,3,C4,bus1,bus2,torch,1,1,0.0,0.0,0.0,0.0,0.0,1.0,0.0,0.0,1.0,0.0,0.0,0.0,266.6,166.6,0.0
499,control,C,P31,elmo,4,C16,tree1,fish2,pencil,0,0,0.0,0.0,0.0,0.0,0.0,0.0,0.0,0.0,0.0,0.0,0.0,0.0,0.0,0.0,0.0
500,control,C,P31,elmo,5,C9,fish1,flower2,playdoh,0,0,1.0,0.0,0.0,0.0,0.0,0.0,0.0,0.0,0.0,0.0,0.0,0.0,266.8,233.4,0.0
501,ambiguous,C,P31,elmo,6,C3,book1,book2,torch,1,1,0.0,0.0,0.0,0.0,0.0,0.0,0.0,0.0,0.0,0.0,0.0,0.0,0.0,0.0,0.0
502,control,C,P31,elmo,7,C12,clock1,shoe2,dress,0,0,0.0,0.0,0.0,0.0,0.0,0.0,0.0,0.0,0.0,0.0,0.0,0.0,133.3,0.0,0.0
503,control,C,P31,elmo,8,C15,toothbrush1,tree2,door,0,0,0.0,0.0,1.0,0.0,0.0,0.0,0.0,0.0,0.0,0.0,0.0,0.0,0.0,0.0,0.0
504,control,C,P31,elmo,9,C11,cup1,clock2,cake,0,0,0.0,1.0,0.0,0.0,0.0,0.0,0.0,0.0,0.0,0.0,0.0,0.0,100.0,0.0,300.0
505,ambiguous,C,P31,elmo,10,C2,bird1,bird2,playground,0,0,0.0,0.0,0.0,1.0,0.0,0.0,0.0,0.0,0.0,0.0,0.0,0.0,133.4,433.3,0.0
506,ambiguous,C,P31,elmo,11,C7,chair1,chair2,kangaroo,1,1,0.0,0.0,0.0,0.0,0.0,0.0,0.0,0.0,0.0,0.0,0.0,0.0,0.0,0.0,0.0
507,control,C,P31,elmo,12,C13,shoe1,spoon2,paintbrush,0,0,1.0,0.0,0.0,0.0,1.0,0.0,0.0,0.0,0.0,0.0,0.0,0.0,233.3,366.70000000000005,166.6
508,ambiguous,C,P31,elmo,13,C1,bike1,bike2,candle,0,0,0.0,0.0,0.0,0.0,0.0,0.0,0.0,0.0,0.0,0.0,0.0,0.0,0.0,400.0,0.0
509,control,C,P31,elmo,14,C10,flower1,cup2,cane,0,0,0.0,0.0,0.0,0.0,0.0,0.0,0.0,0.0,0.0,0.0,0.0,0.0,0.0,0.0,0.0
510,ambiguous,C,P31,elmo,15,C5,car1,car2,dolphin,0,0,0.0,0.0,0.0,0.0,0.0,0.0,0.0,0.0,0.0,0.0,0.0,0.0,0.0,666.7,0.0
511,ambiguous,C,P31,elmo,16,C8,dog1,dog2,rainbow,0,0,0.0,0.0,0.0,0.0,0.0,0.0,0.0,0.0,0.0,0.0,0.0,0.0,0.0,0.0,0.0
512,control,D,P08,elmo,1,D14,spoon2,toothbrush1,comb,0,0,0.0,0.0,0.0,0.0,0.0,0.0,0.0,0.0,0.0,1.0,0.0,0.0,0.0,99.9,0.0
513,ambiguous,D,P08,elmo,2,D4,bus1,bus2,torch,0,0,0.0,0.0,0.0,0.0,0.0,0.0,0.0,0.0,0.0,0.0,0.0,0.0,333.7,0.0,0.0
514,ambiguous,D,P08,elmo,3,D3,book2,book1,apple,0,0,1.0,0.0,0.0,1.0,0.0,0.0,0.0,0.0,0.0,0.0,0.0,0.0,266.7,133.3,0.0
515,ambiguous,D,P08,elmo,4,D5,car2,car1,dolphin,0,0,1.0,0.0,0.0,0.0,0.0,0.0,0.0,0.0,0.0,0.0,0.0,0.0,766.6999999999999,133.4,0.0
516,ambiguous,D,P08,elmo,5,D6,cat2,cat1,comb,0,0,0.0,0.0,0.0,0.0,0.0,0.0,0.0,0.0,0.0,0.0,0.0,0.0,0.0,0.0,0.0
517,ambiguous,D,P08,elmo,6,D7,chair2,chair1,kangaroo,0,1,0.0,0.0,0.0,0.0,1.0,0.0,0.0,0.0,0.0,0.0,0.0,0.0,0.0,466.6,566.9
518,control,D,P08,elmo,7,D10,flower2,cup1,cane,0,0,1.0,0.0,0.0,0.0,0.0,0.0,0.0,0.0,0.0,0.0,0.0,0.0,300.0,566.6,0.0
519,control,D,P08,elmo,8,D16,tree2,fish1,pencil,0,0,0.0,0.0,1.0,0.0,0.0,0.0,0.0,0.0,0.0,0.0,0.0,0.0,766.7,0.0,0.0
520,ambiguous,D,P08,elmo,9,D8,dog2,dog1,rainbow,0,1,0.0,0.0,0.0,0.0,0.0,0.0,0.0,0.0,0.0,0.0,0.0,0.0,1300.0,0.0,0.0
521,ambiguous,D,P08,elmo,10,D1,bike2,bike1,candle,0,0,0.0,0.0,0.0,0.0,1.0,0.0,0.0,0.0,0.0,0.0,0.0,0.0,0.0,333.2,700.1999999999999
522,control,D,P08,elmo,11,D9,fish2,flower1,playdoh,0,0,0.0,0.0,0.0,0.0,0.0,0.0,0.0,0.0,0.0,0.0,0.0,0.0,733.3,0.0,0.0
523,ambiguous,D,P08,elmo,12,D2,bird2,bird1,playground,0,0,0.0,0.0,0.0,0.0,0.0,0.0,0.0,0.0,0.0,0.0,0.0,0.0,0.0,0.0,0.0
524,control,D,P08,elmo,13,D11,cup2,clock1,cake,0,0,0.0,1.0,0.0,0.0,0.0,0.0,0.0,0.0,0.0,0.0,0.0,0.0,133.4,0.0,166.6
525,control,D,P08,elmo,14,D13,shoe2,spoon1,paintbrush,1,0,0.0,0.0,0.0,0.0,0.0,0.0,0.0,0.0,0.0,0.0,0.0,0.0,133.3,0.0,0.0
526,control,D,P08,elmo,15,D12,clock2,shoe1,dress,0,0,0.0,0.0,0.0,0.0,0.0,0.0,0.0,0.0,0.0,0.0,0.0,0.0,0.0,566.7,0.0
527,control,D,P08,elmo,16,D15,toothbrush2,tree1,door,0,0,0.0,0.0,1.0,0.0,0.0,0.0,0.0,0.0,0.0,0.0,0.0,0.0,799.6999999999999,0.0,0.0
528,control,A,P09,elmo,1,A16,dog1,bike2,rainbow,0,0,0.0,0.0,0.0,0.0,0.0,0.0,0.0,0.0,0.0,0.0,0.0,0.0,766.6,0.0,0.0
529,control,A,P09,elmo,2,A15,chair1,dog2,kangaroo,0,0,0.0,0.0,0.0,0.0,0.0,0.0,0.0,0.0,0.0,0.0,0.0,0.0,0.0,0.0,699.8
530,control,A,P09,elmo,3,A9,bike1,bird2,candle,0,0,0.0,0.0,0.0,0.0,0.0,0.0,0.0,0.0,0.0,1.0,0.0,0.0,0.0,133.3,0.0
531,control,A,P09,elmo,4,A12,bus1,car2,flashlight,0,0,0.0,0.0,0.0,0.0,0.0,0.0,0.0,0.0,0.0,1.0,0.0,0.0,0.0,133.3,0.0
532,ambiguous,A,P09,elmo,5,A4,cup1,cup2,dress,0,0,0.0,0.0,0.0,0.0,0.0,0.0,0.0,0.0,1.0,0.0,0.0,0.0,100.0,0.0,0.0
533,ambiguous,A,P09,elmo,6,A1,fish1,fish2,playdoh,0,0,0.0,0.0,0.0,0.0,0.0,0.0,0.0,0.0,0.0,0.0,0.0,0.0,0.0,0.0,0.0
534,control,A,P09,elmo,7,A10,book1,bus2,apple,0,0,0.0,0.0,0.0,0.0,0.0,0.0,0.0,0.0,0.0,0.0,0.0,0.0,0.0,0.0,0.0
535,ambiguous,A,P09,elmo,8,A7,toothbrush1,toothbrush2,door,0,0,1.0,0.0,0.0,0.0,0.0,0.0,0.0,0.0,0.0,0.0,0.0,0.0,0.0,166.6,0.0
536,ambiguous,A,P09,elmo,9,A6,spoon1,spoon2,comb,0,0,0.0,0.0,0.0,0.0,0.0,0.0,0.0,0.0,0.0,0.0,0.0,0.0,0.0,0.0,0.0
537,control,A,P09,elmo,10,A13,car1,cat2,dolphin,0,0,0.0,1.0,0.0,0.0,0.0,0.0,0.0,1.0,0.0,0.0,0.0,0.0,100.0,166.6,466.5
538,ambiguous,A,P09,elmo,11,A8,flower1,tree2,pencil,0,0,0.0,0.0,0.0,0.0,0.0,0.0,0.0,0.0,0.0,1.0,0.0,0.0,0.0,300.2,0.0
539,control,A,P09,elmo,12,A11,book2,bird1,playground,0,0,0.0,0.0,0.0,0.0,0.0,0.0,0.0,0.0,0.0,0.0,0.0,0.0,0.0,0.0,0.0
540,ambiguous,A,P09,elmo,13,A2,flower2,flower1,cane,0,0,1.0,0.0,0.0,0.0,0.0,0.0,0.0,0.0,0.0,0.0,0.0,0.0,200.0,633.2,0.0
541,ambiguous,A,P09,elmo,14,A5,shoe1,shoe2,paintbrush,0,0,0.0,0.0,0.0,0.0,0.0,0.0,0.0,0.0,0.0,0.0,0.0,0.0,0.0,1033.1,0.0
542,ambiguous,A,P09,elmo,15,A3,clock1,clock2,cake,0,0,1.0,0.0,0.0,0.0,0.0,0.0,0.0,0.0,0.0,0.0,0.0,0.0,633.3,166.7,0.0
543,control,A,P09,elmo,16,A14,cat1,chair2,hairbrush,0,0,0.0,0.0,0.0,0.0,0.0,0.0,0.0,0.0,0.0,0.0,0.0,0.0,0.0,0.0,1233.2
544,control,D,P04,elmo,1,D12,clock2,shoe1,dress,0,0,1.0,0.0,0.0,0.0,0.0,0.0,0.0,0.0,0.0,0.0,0.0,0.0,866.5,166.7,0.0
545,ambiguous,D,P04,elmo,2,D7,chair2,chair1,kangaroo,1,1,0.0,0.0,0.0,0.0,0.0,0.0,0.0,0.0,0.0,0.0,0.0,0.0,599.2,0.0,0.0
546,control,D,P04,elmo,3,D9,fish2,flower1,playdoh,0,0,0.0,0.0,0.0,0.0,0.0,0.0,1.0,0.0,0.0,0.0,0.0,0.0,166.7,0.0,933.3
547,ambiguous,D,P04,elmo,4,D8,dog2,dog1,rainbow,0,1,0.0,0.0,0.0,0.0,0.0,0.0,0.0,0.0,0.0,0.0,0.0,0.0,733.3,0.0,0.0
548,control,D,P04,elmo,5,D14,spoon2,toothbrush1,comb,0,0,0.0,0.0,0.0,0.0,0.0,0.0,1.0,0.0,0.0,0.0,0.0,0.0,566.5,0.0,666.6
549,control,D,P04,elmo,6,D16,tree2,fish1,pencil,0,0,1.0,0.0,0.0,0.0,0.0,0.0,0.0,0.0,0.0,0.0,0.0,0.0,966.6,300.0,0.0
550,ambiguous,D,P04,elmo,7,D3,book2,book1,apple,1,1,0.0,0.0,0.0,0.0,0.0,0.0,0.0,0.0,0.0,0.0,0.0,0.0,833.1,0.0,0.0
551,ambiguous,D,P04,elmo,8,D6,cat2,cat1,brush,0,0,0.0,0.0,1.0,0.0,0.0,0.0,0.0,0.0,1.0,0.0,0.0,0.0,699.8,0.0,0.0
552,control,D,P04,elmo,9,D15,toothbrush2,tree1,door,0,0,0.0,0.0,0.0,0.0,0.0,0.0,0.0,0.0,0.0,0.0,0.0,0.0,833.4,0.0,0.0
553,ambiguous,D,P04,elmo,10,D4,bus2,bus1,torch,1,1,0.0,0.0,0.0,0.0,0.0,0.0,0.0,0.0,0.0,0.0,0.0,0.0,533.3,0.0,0.0
554,control,D,P04,elmo,11,D10,flower2,cup1,cane,0,0,0.0,0.0,0.0,0.0,0.0,0.0,1.0,0.0,0.0,0.0,0.0,0.0,299.9,0.0,233.2
555,control,D,P04,elmo,12,D11,cup2,clock1,cake,0,0,0.0,0.0,0.0,0.0,0.0,0.0,0.0,0.0,0.0,0.0,0.0,0.0,0.0,0.0,566.6
556,ambiguous,D,P04,elmo,13,D2,bird2,bird1,playground,0,1,0.0,0.0,0.0,0.0,0.0,0.0,1.0,0.0,0.0,0.0,0.0,0.0,666.5,0.0,500.3
557,control,D,P04,elmo,14,D13,shoe2,spoon1,paintbrush,0,0,0.0,0.0,0.0,0.0,1.0,0.0,1.0,0.0,0.0,0.0,0.0,0.0,200.0,200.0,633.3
558,ambiguous,D,P04,elmo,15,D5,car2,car1,dolphin,1,1,0.0,0.0,0.0,0.0,0.0,0.0,0.0,0.0,0.0,0.0,0.0,0.0,666.9000000000001,0.0,0.0
559,ambiguous,D,P04,elmo,16,D1,bike2,bike1,candle,1,1,0.0,1.0,0.0,0.0,0.0,0.0,0.0,0.0,0.0,0.0,0.0,1.0,266.7,0.0,133.3
560,ambiguous,B,P30,elmo,1,B7,toothbrush2,toothbrush1,door,1,1,0.0,0.0,0.0,0.0,1.0,0.0,0.0,1.0,0.0,0.0,0.0,0.0,0.0,966.3,166.7
561,control,B,P30,elmo,2,B13,car2,cat1,dolphin,1,1,0.0,0.0,0.0,0.0,0.0,0.0,0.0,0.0,0.0,0.0,0.0,0.0,1133.3,0.0,0.0
562,ambiguous,B,P30,elmo,3,B3,clock2,clock1,cake,1,1,0.0,0.0,0.0,1.0,0.0,0.0,0.0,0.0,0.0,0.0,0.0,0.0,400.1,699.9,0.0
563,control,B,P30,elmo,4,B12,bus2,car1,flashlight,1,1,1.0,0.0,0.0,0.0,0.0,0.0,0.0,0.0,0.0,0.0,0.0,0.0,466.9,300.2,0.0
564,ambiguous,B,P30,elmo,5,B6,spoon2,spoon1,comb,1,1,1.0,0.0,0.0,0.0,0.0,0.0,0.0,0.0,0.0,0.0,0.0,0.0,266.6,166.7,0.0
565,control,B,P30,elmo,6,B16,dog2,bike1,rainbow,1,0,0.0,0.0,0.0,0.0,0.0,0.0,0.0,0.0,0.0,0.0,0.0,0.0,966.6,0.0,0.0
566,control,B,P30,elmo,7,B15,chair2,dog1,kangaroo,1,0,0.0,0.0,0.0,0.0,0.0,0.0,0.0,1.0,0.0,0.0,0.0,0.0,0.0,166.8,1066.5
567,control,B,P30,elmo,8,B10,bird2,book1,playground,1,0,0.0,1.0,0.0,0.0,0.0,0.0,1.0,0.0,0.0,0.0,0.0,0.0,566.5,0.0,566.7
568,ambiguous,B,P30,elmo,9,B4,cup2,cup1,dress,0,1,1.0,0.0,0.0,0.0,0.0,0.0,0.0,0.0,0.0,0.0,0.0,0.0,300.0,766.6,0.0
569,ambiguous,B,P30,elmo,10,B5,shoe2,shoe1,paintbrush,0,0,0.0,0.0,0.0,0.0,1.0,0.0,0.0,0.0,0.0,0.0,0.0,0.0,0.0,800.0,399.9
570,control,B,P30,elmo,11,B9,bike2,bird1,candle,0,0,0.0,0.0,0.0,0.0,0.0,0.0,0.0,0.0,0.0,0.0,0.0,0.0,199.9,0.0,0.0
571,ambiguous,B,P30,elmo,12,B1,fish2,fish1,playdoh,0,0,0.0,1.0,0.0,1.0,0.0,0.0,0.0,0.0,0.0,0.0,0.0,0.0,166.6,766.5999999999999,266.5
572,control,B,P30,elmo,13,B11,book2,bus1,apple,0,0,0.0,0.0,0.0,0.0,0.0,0.0,0.0,0.0,0.0,1.0,0.0,0.0,0.0,700.0,0.0
573,control,B,P30,elmo,14,B14,cat2,chair1,hairbrush,0,0,1.0,0.0,0.0,0.0,0.0,0.0,0.0,0.0,0.0,0.0,0.0,0.0,833.1,266.7,0.0
574,ambiguous,B,P30,elmo,15,B8,tree2,flower1,pencil,1,0,1.0,0.0,0.0,0.0,1.0,0.0,1.0,0.0,0.0,0.0,0.0,0.0,700.0999999999999,300.0,100.0
575,ambiguous,B,P30,elmo,16,B2,flower2,flower1,cane,0,0,0.0,0.0,1.0,0.0,0.0,0.0,0.0,0.0,1.0,0.0,0.0,0.0,899.7,0.0,0.0
576,ambiguous,D,P21,elmo,1,D1,bike2,bike1,candle,0,0,1.0,0.0,0.0,0.0,0.0,0.0,0.0,0.0,0.0,0.0,0.0,0.0,333.4,300.1,0.0
577,control,D,P21,elmo,2,D10,flower2,cup1,cane,0,0,0.0,0.0,0.0,0.0,0.0,0.0,0.0,0.0,0.0,0.0,0.0,0.0,200.0,0.0,0.0
578,ambiguous,D,P21,elmo,3,D6,cat2,cat1,brush,0,0,0.0,0.0,1.0,0.0,0.0,0.0,0.0,0.0,1.0,0.0,0.0,0.0,333.29999999999995,0.0,0.0
579,ambiguous,D,P21,elmo,4,D2,bird2,bird1,playground,0,0,0.0,0.0,0.0,0.0,0.0,0.0,0.0,0.0,0.0,0.0,0.0,0.0,300.1,0.0,0.0
580,control,D,P21,elmo,5,D16,tree2,fish1,pencil,0,0,0.0,0.0,1.0,0.0,0.0,0.0,0.0,0.0,0.0,0.0,0.0,0.0,0.0,0.0,0.0
581,control,D,P21,elmo,6,D15,toothbrush2,tree1,door,0,0,0.0,0.0,0.0,0.0,0.0,0.0,0.0,0.0,0.0,0.0,0.0,0.0,0.0,0.0,0.0
582,ambiguous,D,P21,elmo,7,D7,chair2,chair1,kangaroo,0,0,0.0,0.0,1.0,0.0,0.0,0.0,0.0,0.0,0.0,0.0,0.0,0.0,0.0,0.0,0.0
583,ambiguous,D,P21,elmo,8,D3,book2,book1,apple,0,0,0.0,0.0,0.0,0.0,0.0,0.0,0.0,0.0,1.0,0.0,0.0,0.0,132.9,0.0,0.0
584,ambiguous,D,P21,elmo,9,D4,bus2,bus1,torch,0,0,0.0,0.0,0.0,0.0,0.0,0.0,0.0,0.0,0.0,0.0,0.0,0.0,0.0,0.0,0.0
585,control,D,P21,elmo,10,D13,shoe2,spoon1,paintbrush,0,0,0.0,0.0,0.0,0.0,0.0,0.0,0.0,0.0,0.0,0.0,0.0,0.0,0.0,0.0,0.0
586,ambiguous,D,P21,elmo,11,D5,car2,car1,dolphin,0,0,0.0,0.0,0.0,1.0,0.0,0.0,0.0,0.0,0.0,0.0,0.0,0.0,966.8,99.9,0.0
587,ambiguous,D,P21,elmo,12,D8,dog2,dog1,rainbow,0,0,0.0,0.0,0.0,0.0,0.0,0.0,0.0,0.0,0.0,0.0,0.0,0.0,166.7,0.0,0.0
588,control,D,P21,elmo,13,D12,clock2,shoe1,dress,0,0,0.0,0.0,0.0,0.0,0.0,0.0,0.0,0.0,0.0,0.0,0.0,0.0,0.0,0.0,0.0
589,control,D,P21,elmo,14,D11,cup2,clock1,cake,0,0,0.0,0.0,0.0,0.0,0.0,0.0,0.0,0.0,0.0,0.0,0.0,0.0,0.0,666.6,0.0
590,control,D,P21,elmo,15,D9,fish2,flower1,playdoh,0,0,0.0,0.0,0.0,0.0,0.0,0.0,0.0,1.0,0.0,0.0,0.0,0.0,0.0,100.0,833.3
591,control,D,P21,elmo,16,D14,spoon2,toothbrush1,comb,0,0,0.0,0.0,0.0,0.0,0.0,0.0,0.0,0.0,0.0,0.0,0.0,0.0,0.0,733.2,0.0
592,control,A,P01,elmo,1,A14,cat1,chair2,hairbrush,0,0,0.0,0.0,0.0,0.0,0.0,0.0,0.0,0.0,0.0,0.0,0.0,0.0,933.5,0.0,0.0
593,ambiguous,A,P01,elmo,2,A2,flower2,flower1,cane,0,0,0.0,0.0,0.0,1.0,0.0,0.0,0.0,0.0,0.0,0.0,0.0,0.0,333.3,100.1,0.0
594,ambiguous,A,P01,elmo,3,A7,toothbrush2,toothbrush1,door,0,0,0.0,0.0,0.0,0.0,0.0,0.0,0.0,0.0,0.0,0.0,0.0,0.0,0.0,0.0,0.0
595,ambiguous,A,P01,elmo,4,A4,cup2,cup1,dress,0,0,0.0,0.0,0.0,0.0,0.0,0.0,0.0,0.0,0.0,0.0,0.0,0.0,1366.6,0.0,0.0
596,control,A,P01,elmo,5,A12,bus1,car2,flashlight,0,0,0.0,0.0,0.0,0.0,0.0,0.0,0.0,0.0,0.0,0.0,0.0,0.0,399.9,0.0,0.0
597,control,A,P01,elmo,6,A11,book2,bird1,playground,0,0,0.0,0.0,0.0,0.0,0.0,0.0,0.0,0.0,0.0,0.0,0.0,0.0,399.9,0.0,0.0
598,control,A,P01,elmo,7,A10,book1,bus2,apple,0,0,0.0,0.0,0.0,0.0,0.0,0.0,0.0,0.0,0.0,0.0,0.0,0.0,866.5,0.0,0.0
599,control,A,P01,elmo,8,A16,dog1,bike2,rainbow,0,0,0.0,0.0,0.0,0.0,0.0,0.0,0.0,0.0,0.0,0.0,0.0,0.0,566.6,0.0,0.0
600,control,A,P01,elmo,9,A13,car1,cat2,dolphin,0,0,0.0,0.0,0.0,0.0,0.0,0.0,0.0,0.0,0.0,0.0,0.0,0.0,466.7,0.0,0.0
601,ambiguous,A,P01,elmo,10,A5,shoe1,shoe2,paintbrush,0,1,0.0,0.0,0.0,0.0,0.0,0.0,0.0,0.0,0.0,0.0,0.0,0.0,0.0,0.0,0.0
602,ambiguous,A,P01,elmo,11,A1,fish1,fish2,playdoh,1,1,0.0,0.0,0.0,0.0,0.0,0.0,0.0,0.0,0.0,0.0,0.0,0.0,0.0,0.0,0.0
603,ambiguous,A,P01,elmo,12,A8,flower1,tree2,pencil,1,0,1.0,0.0,0.0,0.0,0.0,0.0,0.0,0.0,0.0,0.0,0.0,0.0,233.4,333.0,0.0
604,ambiguous,A,P01,elmo,13,A3,clock1,clock2,cake,0,0,0.0,0.0,0.0,0.0,0.0,0.0,0.0,0.0,0.0,0.0,0.0,0.0,0.0,0.0,866.5
605,ambiguous,A,P01,elmo,14,A6,spoon1,spoon2,comb,0,0,0.0,0.0,0.0,0.0,0.0,0.0,0.0,1.0,0.0,0.0,0.0,0.0,0.0,100.0,266.5
606,control,A,P01,elmo,15,A15,chair1,dog2,kangaroo,0,0,1.0,0.0,0.0,1.0,0.0,0.0,0.0,0.0,0.0,0.0,0.0,0.0,600.0,433.0,0.0
607,control,A,P01,elmo,16,A9,bike1,bird2,candle,0,0,0.0,0.0,0.0,0.0,0.0,0.0,0.0,0.0,0.0,0.0,0.0,0.0,400.0,0.0,0.0
608,control,C,P07,elmo,1,C14,spoon1,toothbrush2,comb,0,0,0.0,0.0,0.0,0.0,0.0,0.0,0.0,0.0,0.0,0.0,1.0,0.0,0.0,0.0,533.2
609,ambiguous,C,P07,elmo,2,C2,bird1,bird2,playground,0,0,0.0,0.0,0.0,0.0,0.0,0.0,0.0,0.0,0.0,0.0,0.0,0.0,1333.5,0.0,0.0
610,control,C,P07,elmo,3,C11,cup1,clock2,cake,0,0,0.0,0.0,0.0,0.0,0.0,0.0,0.0,0.0,0.0,0.0,0.0,0.0,1033.3,0.0,0.0
611,ambiguous,C,P07,elmo,4,C1,bike1,bike2,candle,0,0,0.0,0.0,0.0,0.0,0.0,0.0,0.0,0.0,0.0,0.0,0.0,0.0,1233.0,0.0,0.0
612,ambiguous,C,P07,elmo,5,C3,book1,book2,apple,0,0,0.0,0.0,0.0,1.0,0.0,0.0,0.0,0.0,0.0,0.0,0.0,0.0,200.0,500.0,0.0
613,control,C,P07,elmo,6,C15,toothbrush1,tree2,door,0,0,0.0,0.0,0.0,0.0,0.0,0.0,0.0,0.0,0.0,0.0,0.0,0.0,1000.1999999999999,0.0,0.0
614,control,C,P07,elmo,7,C12,clock1,shoe2,dress,0,0,0.0,0.0,0.0,0.0,0.0,0.0,0.0,0.0,1.0,0.0,0.0,0.0,533.1,0.0,0.0
615,control,C,P07,elmo,8,C16,tree1,fish2,pencil,0,0,0.0,0.0,0.0,0.0,0.0,0.0,0.0,0.0,0.0,0.0,0.0,0.0,0.0,966.6,0.0
616,ambiguous,C,P07,elmo,9,C5,car1,car2,dolphin,0,0,0.0,0.0,0.0,0.0,0.0,0.0,0.0,0.0,0.0,0.0,0.0,0.0,733.5,0.0,0.0
617,ambiguous,C,P07,elmo,10,C8,dog1,dog2,rainbow,0,0,1.0,0.0,0.0,0.0,0.0,0.0,0.0,0.0,0.0,0.0,0.0,0.0,666.6,600.1,0.0
618,control,C,P07,elmo,11,C10,flower1,cup2,cane,0,0,0.0,0.0,0.0,0.0,0.0,0.0,0.0,0.0,0.0,0.0,0.0,0.0,866.6,0.0,0.0
619,ambiguous,C,P07,elmo,12,C7,chair1,chair2,kangaroo,0,0,0.0,0.0,0.0,0.0,0.0,0.0,0.0,0.0,0.0,0.0,0.0,0.0,0.0,0.0,0.0
620,control,C,P07,elmo,13,C9,fish1,flower2,playdoh,0,0,0.0,0.0,0.0,0.0,0.0,0.0,0.0,0.0,0.0,0.0,0.0,0.0,0.0,1100.1,0.0
621,ambiguous,C,P07,elmo,14,C4,bus1,bus2,torch,0,0,0.0,0.0,0.0,0.0,0.0,0.0,0.0,0.0,0.0,0.0,0.0,0.0,866.9,0.0,0.0
622,control,C,P07,elmo,15,C13,shoe1,spoon2,paintbrush,0,0,0.0,1.0,0.0,1.0,0.0,0.0,0.0,0.0,0.0,0.0,0.0,0.0,399.9,366.6,466.7
623,ambiguous,C,P07,elmo,16,C6,cat1,cat2,brush,0,0,0.0,0.0,0.0,0.0,0.0,0.0,0.0,0.0,0.0,0.0,0.0,0.0,0.0,0.0,0.0
624,ambiguous,B,P02,elmo,1,B5,shoe2,shoe1,paintbrush,0,0,0.0,0.0,0.0,0.0,0.0,1.0,0.0,0.0,1.0,0.0,0.0,0.0,232.7,166.6,0.0
625,control,B,P02,elmo,2,B13,car2,cat1,dolphin,0,0,0.0,1.0,0.0,0.0,0.0,0.0,2.0,0.0,0.0,0.0,0.0,0.0,433.1,0.0,333.4
626,ambiguous,B,P02,elmo,3,B2,flower2,flower1,cane,0,0,0.0,0.0,0.0,0.0,0.0,0.0,0.0,0.0,1.0,0.0,0.0,0.0,866.8,0.0,134.3
627,ambiguous,B,P02,elmo,4,B4,cup2,cup1,dress,0,0,0.0,0.0,0.0,0.0,0.0,0.0,0.0,1.0,0.0,0.0,0.0,0.0,0.0,266.5,0.0
628,ambiguous,B,P02,elmo,5,B8,tree2,flower1,pencil,None,None,0.0,0.0,0.0,0.0,0.0,0.0,0.0,0.0,0.0,0.0,0.0,0.0,999.9,0.0,0.0
629,control,B,P02,elmo,6,B16,dog2,bike1,rainbow,0,0,0.0,0.0,0.0,0.0,0.0,0.0,0.0,1.0,0.0,0.0,0.0,0.0,0.0,133.3,0.0
630,control,B,P02,elmo,7,B10,bird2,book1,playground,0,0,0.0,0.0,0.0,0.0,0.0,0.0,0.0,0.0,0.0,0.0,0.0,0.0,0.0,0.0,0.0
631,control,B,P02,elmo,8,B14,cat2,chair1,hairbrush,0,0,0.0,0.0,0.0,0.0,0.0,0.0,0.0,0.0,0.0,0.0,0.0,0.0,0.0,0.0,0.0
632,ambiguous,B,P02,elmo,9,B3,clock2,clock1,cake,0,0,0.0,0.0,0.0,0.0,0.0,0.0,0.0,0.0,0.0,0.0,0.0,0.0,0.0,0.0,0.0
633,ambiguous,B,P02,elmo,10,B7,toothbrush2,toothbrush1,door,0,0,0.0,0.0,0.0,0.0,0.0,0.0,0.0,0.0,0.0,0.0,0.0,0.0,0.0,0.0,0.0
634,control,B,P02,elmo,11,B11,book2,bus1,apple,0,0,0.0,0.0,0.0,0.0,0.0,0.0,0.0,0.0,0.0,0.0,1.0,0.0,0.0,0.0,100.0
635,ambiguous,B,P02,elmo,12,B6,spoon2,spoon1,comb,0,0,0.0,0.0,0.0,0.0,0.0,0.0,0.0,0.0,0.0,0.0,0.0,0.0,0.0,0.0,100.0
636,ambiguous,B,P02,elmo,13,B1,fish2,fish1,chair,0,0,0.0,0.0,0.0,0.0,0.0,0.0,0.0,0.0,0.0,0.0,0.0,0.0,266.6,0.0,0.0
637,control,B,P02,elmo,14,B15,chair2,dog1,kangaroo,0,0,0.0,0.0,0.0,0.0,0.0,0.0,0.0,0.0,0.0,0.0,0.0,0.0,433.20000000000005,0.0,0.0
638,control,B,P02,elmo,15,B12,bus2,car1,flashlight,0,0,0.0,0.0,0.0,0.0,0.0,0.0,0.0,0.0,0.0,0.0,0.0,0.0,0.0,0.0,0.0
639,control,B,P02,elmo,16,B9,bike2,bird1,candle,None,None,0.0,0.0,0.0,0.0,0.0,0.0,0.0,0.0,0.0,0.0,0.0,0.0,1233.4,0.0,0.0
640,control,A,P33,elmo,1,A12,bus1,car2,flashlight,0,0,1.0,0.0,0.0,1.0,0.0,0.0,0.0,0.0,0.0,0.0,0.0,0.0,666.8,566.5,0.0
641,ambiguous,A,P33,elmo,2,A4,cup1,cup2,dress,None,None,0.0,0.0,0.0,0.0,0.0,0.0,1.0,0.0,0.0,0.0,0.0,0.0,366.7,0.0,99.6
642,control,A,P33,elmo,3,A11,book2,bird1,playground,0,0,0.0,0.0,0.0,1.0,0.0,0.0,0.0,0.0,0.0,0.0,0.0,0.0,733.3,566.5,0.0
643,control,A,P33,elmo,4,A16,dog1,bike2,rainbow,0,0,0.0,1.0,0.0,0.0,0.0,0.0,1.0,1.0,0.0,0.0,0.0,0.0,333.3,266.7,599.8
644,control,A,P33,elmo,5,A10,book1,bus2,apple,0,0,1.0,0.0,0.0,1.0,0.0,0.0,0.0,0.0,0.0,0.0,0.0,0.0,966.6,300.0,0.0
645,ambiguous,A,P33,elmo,6,A7,toothbrush1,toothbrush2,door,None,None,0.0,0.0,0.0,0.0,0.0,0.0,1.0,0.0,0.0,0.0,0.0,0.0,466.6,0.0,0.0
646,control,A,P33,elmo,7,A13,car1,cat2,dolphin,0,0,0.0,0.0,1.0,0.0,0.0,0.0,0.0,0.0,0.0,0.0,1.0,0.0,633.3,0.0,466.6
647,control,A,P33,elmo,8,A14,cat1,chair2,hairbrush,0,0,0.0,0.0,0.0,0.0,0.0,0.0,0.0,0.0,0.0,0.0,0.0,0.0,1333.1999999999998,0.0,0.0
648,ambiguous,A,P33,elmo,9,A6,spoon1,spoon2,comb,0,0,0.0,1.0,0.0,0.0,0.0,0.0,0.0,1.0,0.0,0.0,0.0,0.0,0.0,166.6,133.6
649,ambiguous,A,P33,elmo,10,A2,flower2,flower1,cane,0,0,1.0,0.0,0.0,1.0,0.0,0.0,0.0,0.0,0.0,0.0,0.0,0.0,300.0,1033.3000000000002,0.0
650,control,A,P33,elmo,11,A9,bike1,bird2,candle,0,0,0.0,1.0,0.0,0.0,0.0,0.0,0.0,1.0,0.0,0.0,0.0,0.0,266.7,233.3,633.3
651,control,A,P33,elmo,12,A15,chair1,dog2,kangaroo,0,0,0.0,0.0,0.0,0.0,0.0,0.0,0.0,1.0,0.0,0.0,0.0,0.0,0.0,100.0,1133.1
652,ambiguous,A,P33,elmo,13,A1,fish1,fish2,playdoh,0,0,0.0,0.0,0.0,0.0,0.0,0.0,0.0,1.0,0.0,0.0,0.0,0.0,0.0,766.5,266.6
653,ambiguous,A,P33,elmo,14,A3,clock1,clock2,cake,0,0,0.0,0.0,0.0,0.0,0.0,0.0,0.0,0.0,0.0,0.0,0.0,0.0,0.0,1066.5,0.0
654,ambiguous,A,P33,elmo,15,A5,shoe1,shoe2,paintbrush,0,0,0.0,0.0,0.0,0.0,1.0,0.0,0.0,1.0,0.0,0.0,0.0,0.0,0.0,766.5,200.0
655,ambiguous,A,P33,elmo,16,A8,flower1,tree2,pencil,0,0,0.0,0.0,0.0,0.0,1.0,0.0,0.0,0.0,0.0,0.0,0.0,0.0,0.0,633.3,466.6
